Workbook

Sheet 매출
A1: 검정색 부분은 직접 작성 정산ID = 날짜+업체명+플랫폼 ex)260106 누카 네이버 업체명 = 누카 제품명 = 견적서 내의 제품명 기재
A2: 정산ID | B2: 업체명 | C2: 진행비 | D2: 진행 수량 | E2: 진행비+vat | F2: 진행비 총 공급가액 | G2: 진행비 총 입금액(+vat) | H2: 제품명 | I2: 제품 수량 | J2: 제품비 | K2: 제품비+vat | L2: 제품별 공급가액 | M2: 제품별 총 입금액(+vat) | N2: 제품비 총 공급가액 | O2: 제품비 총 입금액(+vat) | P2: 택배대행단가 | Q2: 택배 수량 | R2: 택배대행단가(+vat) | S2: 택배대행 총 공급가 | T2: 택배대행 총 입금액(+vat) | U2: 첫행(숨김)
A3: 260106조이쿠팡 | B3: 조이 | C3: 2500 | D3: 5 | E3: =IF(C3="","",C3*1.1) -> 2750 | F3: =IF(AND(C3<>"",D3<>""),C3*D3,"") -> 12500 | G3: =IF(F3="","",F3*1.1) -> 13750 | H3: 제품명모름 | I3: 5 | J3: 19840 | K3: =IF(J3="","",J3*1.1) -> 21824 | L3: =IF(AND(J3<>"",I3<>""),J3*I3,"") -> 99200 | M3: =IF(L3="","",L3*1.1) -> 109120 | N3: =IF(U3=1,SUMIFS($L:$L,$A:$A,$A3),"") -> 99200 | O3: =IF(U3=1,SUMIFS($M:$M,$A:$A,$A3),"") -> 109120 | R3: =IF(P3="","",P3*1.1) | S3: =IF(AND(P3<>"",Q3<>""),P3*Q3,"") | T3: =IF(S3="","",S3*1.1) | U3: =IF(A3="","",IF(COUNTIF($A$3:A3,A3)=1,1,0)) -> 1
A4: 260106넬리브쿠팡 | B4: 넬리브 | C4: 2500 | D4: 10 | E4: =IF(C4="","",C4*1.1) -> 2750 | F4: =IF(AND(C4<>"",D4<>""),C4*D4,"") -> 25000 | G4: =IF(F4="","",F4*1.1) -> 27500 | H4: 제품명모름 | I4: 10 | J4: 35000 | K4: =IF(J4="","",J4*1.1) -> 38500 | L4: =IF(AND(J4<>"",I4<>""),J4*I4,"") -> 350000 | M4: =IF(L4="","",L4*1.1) -> 385000 | N4: =IF(U4=1,SUMIFS($L:$L,$A:$A,$A4),"") -> 350000 | O4: =IF(U4=1,SUMIFS($M:$M,$A:$A,$A4),"") -> 385000 | R4: =IF(P4="","",P4*1.1) | S4: =IF(AND(P4<>"",Q4<>""),P4*Q4,"") | T4: =IF(S4="","",S4*1.1) | U4: =IF(A4="","",IF(COUNTIF($A$3:A4,A4)=1,1,0)) -> 1
A5: 260106블풍쿠팡 | B5: 블라우풍트 | C5: 2000 | D5: 30 | E5: =IF(C5="","",C5*1.1) -> 2200 | F5: =IF(AND(C5<>"",D5<>""),C5*D5,"") -> 60000 | G5: =IF(F5="","",F5*1.1) -> 66000 | H5: BLP-HMD5000W | I5: 30 | J5: 28900 | K5: =IF(J5="","",J5*1.1) -> 31790 | L5: =IF(AND(J5<>"",I5<>""),J5*I5,"") -> 867000 | M5: =IF(L5="","",L5*1.1) -> 953700 | N5: =IF(U5=1,SUMIFS($L:$L,$A:$A,$A5),"") -> 867000 | O5: =IF(U5=1,SUMIFS($M:$M,$A:$A,$A5),"") -> 953700 | R5: =IF(P5="","",P5*1.1) | S5: =IF(AND(P5<>"",Q5<>""),P5*Q5,"") | T5: =IF(S5="","",S5*1.1) | U5: =IF(A5="","",IF(COUNTIF($A$3:A5,A5)=1,1,0)) -> 1
A6: 260106블풍2쿠팡 | B6: 블라우풍트 | C6: 2000 | D6: 50 | E6: =IF(C6="","",C6*1.1) -> 2200 | F6: =IF(AND(C6<>"",D6<>""),C6*D6,"") -> 100000 | G6: =IF(F6="","",F6*1.1) -> 110000 | H6: BLP-ES802S | I6: 50 | J6: 49800 | K6: =IF(J6="","",J6*1.1) -> 54780 | L6: =IF(AND(J6<>"",I6<>""),J6*I6,"") -> 2490000 | M6: =IF(L6="","",L6*1.1) -> 2739000 | N6: =IF(U6=1,SUMIFS($L:$L,$A:$A,$A6),"") -> 2490000 | O6: =IF(U6=1,SUMIFS($M:$M,$A:$A,$A6),"") -> 2739000 | R6: =IF(P6="","",P6*1.1) | S6: =IF(AND(P6<>"",Q6<>""),P6*Q6,"") | T6: =IF(S6="","",S6*1.1) | U6: =IF(A6="","",IF(COUNTIF($A$3:A6,A6)=1,1,0)) -> 1
A7: 260106포뷰트올영 | B7: 포뷰트 | C7: 1500 | D7: 100 | E7: =IF(C7="","",C7*1.1) -> 1650 | F7: =IF(AND(C7<>"",D7<>""),C7*D7,"") -> 150000 | G7: =IF(F7="","",F7*1.1) -> 165000 | H7: 두피앰플 | I7: 100 | J7: 21800 | K7: =IF(J7="","",J7*1.1) -> 23980 | L7: =IF(AND(J7<>"",I7<>""),J7*I7,"") -> 2180000 | M7: =IF(L7="","",L7*1.1) -> 2398000 | N7: =IF(U7=1,SUMIFS($L:$L,$A:$A,$A7),"") -> 2180000 | O7: =IF(U7=1,SUMIFS($M:$M,$A:$A,$A7),"") -> 2398000 | R7: =IF(P7="","",P7*1.1) | S7: =IF(AND(P7<>"",Q7<>""),P7*Q7,"") | T7: =IF(S7="","",S7*1.1) | U7: =IF(A7="","",IF(COUNTIF($A$3:A7,A7)=1,1,0)) -> 1
A8: 260106더포레쿠팡 | B8: 더포레 | C8: 2500 | D8: 80 | E8: =IF(C8="","",C8*1.1) -> 2750 | F8: =IF(AND(C8<>"",D8<>""),C8*D8,"") -> 200000 | G8: =IF(F8="","",F8*1.1) -> 220000 | H8: 깍두기 | I8: 30 | J8: 8700 | K8: =IF(J8="","",J8*1.1) -> 9570 | L8: =IF(AND(J8<>"",I8<>""),J8*I8,"") -> 261000 | M8: =IF(L8="","",L8*1.1) -> 287100 | N8: =IF(U8=1,SUMIFS($L:$L,$A:$A,$A8),"") -> 826000 | O8: =IF(U8=1,SUMIFS($M:$M,$A:$A,$A8),"") -> 908600 | R8: =IF(P8="","",P8*1.1) | S8: =IF(AND(P8<>"",Q8<>""),P8*Q8,"") | T8: =IF(S8="","",S8*1.1) | U8: =IF(A8="","",IF(COUNTIF($A$3:A8,A8)=1,1,0)) -> 1
A9: 260106더포레쿠팡 | B9: 더포레 | E9: =IF(C9="","",C9*1.1) | F9: =IF(AND(C9<>"",D9<>""),C9*D9,"") | G9: =IF(F9="","",F9*1.1) | H9: 멸치 | I9: 30 | J9: 9300 | K9: =IF(J9="","",J9*1.1) -> 10230 | L9: =IF(AND(J9<>"",I9<>""),J9*I9,"") -> 279000 | M9: =IF(L9="","",L9*1.1) -> 306900 | N9: =IF(U9=1,SUMIFS($L:$L,$A:$A,$A9),"") | O9: =IF(U9=1,SUMIFS($M:$M,$A:$A,$A9),"") | R9: =IF(P9="","",P9*1.1) | S9: =IF(AND(P9<>"",Q9<>""),P9*Q9,"") | T9: =IF(S9="","",S9*1.1) | U9: =IF(A9="","",IF(COUNTIF($A$3:A9,A9)=1,1,0)) -> 0
A10: 260106더포레쿠팡 | B10: 더포레 | E10: =IF(C10="","",C10*1.1) | F10: =IF(AND(C10<>"",D10<>""),C10*D10,"") | G10: =IF(F10="","",F10*1.1) | H10: 오이소박이 | I10: 20 | J10: 14300 | K10: =IF(J10="","",J10*1.1) -> 15730 | L10: =IF(AND(J10<>"",I10<>""),J10*I10,"") -> 286000 | M10: =IF(L10="","",L10*1.1) -> 314600 | N10: =IF(U10=1,SUMIFS($L:$L,$A:$A,$A10),"") | O10: =IF(U10=1,SUMIFS($M:$M,$A:$A,$A10),"") | R10: =IF(P10="","",P10*1.1) | S10: =IF(AND(P10<>"",Q10<>""),P10*Q10,"") | T10: =IF(S10="","",S10*1.1) | U10: =IF(A10="","",IF(COUNTIF($A$3:A10,A10)=1,1,0)) -> 0
A11: 260105케이에스쿠팡 | B11: 케이에스 | C11: 2500 | D11: 100 | E11: =IF(C11="","",C11*1.1) -> 2750 | F11: =IF(AND(C11<>"",D11<>""),C11*D11,"") -> 250000 | G11: =IF(F11="","",F11*1.1) -> 275000 | H11: 베르베린 | I11: 100 | J11: 19500 | K11: =IF(J11="","",J11*1.1) -> 21450 | L11: =IF(AND(J11<>"",I11<>""),J11*I11,"") -> 1950000 | M11: =IF(L11="","",L11*1.1) -> 2145000 | N11: =IF(U11=1,SUMIFS($L:$L,$A:$A,$A11),"") -> 1950000 | O11: =IF(U11=1,SUMIFS($M:$M,$A:$A,$A11),"") -> 2145000 | R11: =IF(P11="","",P11*1.1) | S11: =IF(AND(P11<>"",Q11<>""),P11*Q11,"") | T11: =IF(S11="","",S11*1.1) | U11: =IF(A11="","",IF(COUNTIF($A$3:A11,A11)=1,1,0)) -> 1
A12: 260105케이에스2쿠팡 | B12: 케이에스 | C12: 2500 | D12: 100 | E12: =IF(C12="","",C12*1.1) -> 2750 | F12: =IF(AND(C12<>"",D12<>""),C12*D12,"") -> 250000 | G12: =IF(F12="","",F12*1.1) -> 275000 | H12: 위고핏 | I12: 100 | J12: 26500 | K12: =IF(J12="","",J12*1.1) -> 29150 | L12: =IF(AND(J12<>"",I12<>""),J12*I12,"") -> 2650000 | M12: =IF(L12="","",L12*1.1) -> 2915000 | N12: =IF(U12=1,SUMIFS($L:$L,$A:$A,$A12),"") -> 2650000 | O12: =IF(U12=1,SUMIFS($M:$M,$A:$A,$A12),"") -> 2915000 | R12: =IF(P12="","",P12*1.1) | S12: =IF(AND(P12<>"",Q12<>""),P12*Q12,"") | T12: =IF(S12="","",S12*1.1) | U12: =IF(A12="","",IF(COUNTIF($A$3:A12,A12)=1,1,0)) -> 1
A13: 260106와이에이쿠팡 | B13: 와이에이 | C13: 2500 | D13: 60 | E13: =IF(C13="","",C13*1.1) -> 2750 | F13: =IF(AND(C13<>"",D13<>""),C13*D13,"") -> 150000 | G13: =IF(F13="","",F13*1.1) -> 165000 | H13: 제품명모름 | I13: 60 | J13: 15900 | K13: =IF(J13="","",J13*1.1) -> 17490 | L13: =IF(AND(J13<>"",I13<>""),J13*I13,"") -> 954000 | M13: =IF(L13="","",L13*1.1) -> 1049400 | N13: =IF(U13=1,SUMIFS($L:$L,$A:$A,$A13),"") -> 954000 | O13: =IF(U13=1,SUMIFS($M:$M,$A:$A,$A13),"") -> 1049400 | R13: =IF(P13="","",P13*1.1) | S13: =IF(AND(P13<>"",Q13<>""),P13*Q13,"") | T13: =IF(S13="","",S13*1.1) | U13: =IF(A13="","",IF(COUNTIF($A$3:A13,A13)=1,1,0)) -> 1
A14: 260105미올로쿠팡 | B14: 미올로 | C14: 2500 | D14: 100 | E14: =IF(C14="","",C14*1.1) -> 2750 | F14: =IF(AND(C14<>"",D14<>""),C14*D14,"") -> 250000 | G14: =IF(F14="","",F14*1.1) -> 275000 | H14: W7 | I14: 100 | J14: 9900 | K14: =IF(J14="","",J14*1.1) -> 10890 | L14: =IF(AND(J14<>"",I14<>""),J14*I14,"") -> 990000 | M14: =IF(L14="","",L14*1.1) -> 1089000 | N14: =IF(U14=1,SUMIFS($L:$L,$A:$A,$A14),"") -> 990000 | O14: =IF(U14=1,SUMIFS($M:$M,$A:$A,$A14),"") -> 1089000 | R14: =IF(P14="","",P14*1.1) | S14: =IF(AND(P14<>"",Q14<>""),P14*Q14,"") | T14: =IF(S14="","",S14*1.1) | U14: =IF(A14="","",IF(COUNTIF($A$3:A14,A14)=1,1,0)) -> 1
A15: 260105미올로2쿠팡 | B15: 미올로 | C15: 2500 | D15: 100 | E15: =IF(C15="","",C15*1.1) -> 2750 | F15: =IF(AND(C15<>"",D15<>""),C15*D15,"") -> 250000 | G15: =IF(F15="","",F15*1.1) -> 275000 | H15: B7 | I15: 100 | J15: 9900 | K15: =IF(J15="","",J15*1.1) -> 10890 | L15: =IF(AND(J15<>"",I15<>""),J15*I15,"") -> 990000 | M15: =IF(L15="","",L15*1.1) -> 1089000 | N15: =IF(U15=1,SUMIFS($L:$L,$A:$A,$A15),"") -> 990000 | O15: =IF(U15=1,SUMIFS($M:$M,$A:$A,$A15),"") -> 1089000 | R15: =IF(P15="","",P15*1.1) | S15: =IF(AND(P15<>"",Q15<>""),P15*Q15,"") | T15: =IF(S15="","",S15*1.1) | U15: =IF(A15="","",IF(COUNTIF($A$3:A15,A15)=1,1,0)) -> 1
A16: 260106꿈꾸던쿠팡 | B16: 꿈꾸던 | C16: 2500 | D16: 10 | E16: =IF(C16="","",C16*1.1) -> 2750 | F16: =IF(AND(C16<>"",D16<>""),C16*D16,"") -> 25000 | G16: =IF(F16="","",F16*1.1) -> 27500 | H16: 제품명모름 | I16: 10 | J16: 8700 | K16: =IF(J16="","",J16*1.1) -> 9570 | L16: =IF(AND(J16<>"",I16<>""),J16*I16,"") -> 87000 | M16: =IF(L16="","",L16*1.1) -> 95700 | N16: =IF(U16=1,SUMIFS($L:$L,$A:$A,$A16),"") -> 87000 | O16: =IF(U16=1,SUMIFS($M:$M,$A:$A,$A16),"") -> 95700 | R16: =IF(P16="","",P16*1.1) | S16: =IF(AND(P16<>"",Q16<>""),P16*Q16,"") | T16: =IF(S16="","",S16*1.1) | U16: =IF(A16="","",IF(COUNTIF($A$3:A16,A16)=1,1,0)) -> 1
A17: 260106닥터메타쿠팡 | B17: 닥터메타 | C17: 2500 | D17: 20 | E17: =IF(C17="","",C17*1.1) -> 2750 | F17: =IF(AND(C17<>"",D17<>""),C17*D17,"") -> 50000 | G17: =IF(F17="","",F17*1.1) -> 55000 | H17: 제품명모름 | I17: 10 | J17: 38000 | K17: =IF(J17="","",J17*1.1) -> 41800 | L17: =IF(AND(J17<>"",I17<>""),J17*I17,"") -> 380000 | M17: =IF(L17="","",L17*1.1) -> 418000 | N17: =IF(U17=1,SUMIFS($L:$L,$A:$A,$A17),"") -> 700000 | O17: =IF(U17=1,SUMIFS($M:$M,$A:$A,$A17),"") -> 770000 | R17: =IF(P17="","",P17*1.1) | S17: =IF(AND(P17<>"",Q17<>""),P17*Q17,"") | T17: =IF(S17="","",S17*1.1) | U17: =IF(A17="","",IF(COUNTIF($A$3:A17,A17)=1,1,0)) -> 1
A18: 260106닥터메타쿠팡 | E18: =IF(C18="","",C18*1.1) | F18: =IF(AND(C18<>"",D18<>""),C18*D18,"") | G18: =IF(F18="","",F18*1.1) | H18: 제품명모름 | I18: 5 | J18: 35000 | K18: =IF(J18="","",J18*1.1) -> 38500 | L18: =IF(AND(J18<>"",I18<>""),J18*I18,"") -> 175000 | M18: =IF(L18="","",L18*1.1) -> 192500 | N18: =IF(U18=1,SUMIFS($L:$L,$A:$A,$A18),"") | O18: =IF(U18=1,SUMIFS($M:$M,$A:$A,$A18),"") | R18: =IF(P18="","",P18*1.1) | S18: =IF(AND(P18<>"",Q18<>""),P18*Q18,"") | T18: =IF(S18="","",S18*1.1) | U18: =IF(A18="","",IF(COUNTIF($A$3:A18,A18)=1,1,0)) -> 0
A19: 260106닥터메타쿠팡 | E19: =IF(C19="","",C19*1.1) | F19: =IF(AND(C19<>"",D19<>""),C19*D19,"") | G19: =IF(F19="","",F19*1.1) | H19: 제품명모름 | I19: 5 | J19: 29000 | K19: =IF(J19="","",J19*1.1) -> 31900 | L19: =IF(AND(J19<>"",I19<>""),J19*I19,"") -> 145000 | M19: =IF(L19="","",L19*1.1) -> 159500 | N19: =IF(U19=1,SUMIFS($L:$L,$A:$A,$A19),"") | O19: =IF(U19=1,SUMIFS($M:$M,$A:$A,$A19),"") | R19: =IF(P19="","",P19*1.1) | S19: =IF(AND(P19<>"",Q19<>""),P19*Q19,"") | T19: =IF(S19="","",S19*1.1) | U19: =IF(A19="","",IF(COUNTIF($A$3:A19,A19)=1,1,0)) -> 0
A20: 260106오브제 | B20: 오브제 | C20: 800 | D20: 855 | E20: =IF(C20="","",C20*1.1) -> 880 | F20: =IF(AND(C20<>"",D20<>""),C20*D20,"") -> 684000 | G20: =IF(F20="","",F20*1.1) -> 752400 | H20: 12/31 오브제 포어 제로 오일 컨트롤 선크림 SPF50+ PA++++, 50ml, 1개 | I20: 10 | J20: 17900 | K20: =IF(J20="","",J20*1.1) -> 19690 | L20: =IF(AND(J20<>"",I20<>""),J20*I20,"") -> 179000 | M20: =IF(L20="","",L20*1.1) -> 196900 | N20: =IF(U20=1,SUMIFS($L:$L,$A:$A,$A20),"") -> 19068000 | O20: =IF(U20=1,SUMIFS($M:$M,$A:$A,$A20),"") -> 20974800 | R20: =IF(P20="","",P20*1.1) | S20: =IF(AND(P20<>"",Q20<>""),P20*Q20,"") | T20: =IF(S20="","",S20*1.1) | U20: =IF(A20="","",IF(COUNTIF($A$3:A20,A20)=1,1,0)) -> 1
A21: 260106오브제 | B21: 오브제 | E21: =IF(C21="","",C21*1.1) | F21: =IF(AND(C21<>"",D21<>""),C21*D21,"") | G21: =IF(F21="","",F21*1.1) | H21: 12/31 오브제 올인원 쿨 픽싱 미스트, 1개, 100ml | I21: 5 | J21: 15790 | K21: =IF(J21="","",J21*1.1) -> 17369 | L21: =IF(AND(J21<>"",I21<>""),J21*I21,"") -> 78950 | M21: =IF(L21="","",L21*1.1) -> 86845 | N21: =IF(U21=1,SUMIFS($L:$L,$A:$A,$A21),"") | O21: =IF(U21=1,SUMIFS($M:$M,$A:$A,$A21),"") | R21: =IF(P21="","",P21*1.1) | S21: =IF(AND(P21<>"",Q21<>""),P21*Q21,"") | T21: =IF(S21="","",S21*1.1) | U21: =IF(A21="","",IF(COUNTIF($A$3:A21,A21)=1,1,0)) -> 0
A22: 260106오브제 | B22: 오브제 | E22: =IF(C22="","",C22*1.1) | F22: =IF(AND(C22<>"",D22<>""),C22*D22,"") | G22: =IF(F22="","",F22*1.1) | H22: 12/31 오브제 올인원 더블 에센스 100ml | I22: 5 | J22: 25300 | K22: =IF(J22="","",J22*1.1) -> 27830 | L22: =IF(AND(J22<>"",I22<>""),J22*I22,"") -> 126500 | M22: =IF(L22="","",L22*1.1) -> 139150 | N22: =IF(U22=1,SUMIFS($L:$L,$A:$A,$A22),"") | O22: =IF(U22=1,SUMIFS($M:$M,$A:$A,$A22),"") | R22: =IF(P22="","",P22*1.1) | S22: =IF(AND(P22<>"",Q22<>""),P22*Q22,"") | T22: =IF(S22="","",S22*1.1) | U22: =IF(A22="","",IF(COUNTIF($A$3:A22,A22)=1,1,0)) -> 0
A23: 260106오브제 | B23: 오브제 | E23: =IF(C23="","",C23*1.1) | F23: =IF(AND(C23<>"",D23<>""),C23*D23,"") | G23: =IF(F23="","",F23*1.1) | H23: 12/31 오브제 오일 컨트롤 피니셔 5g 기름종이 팩트 파우더 | I23: 10 | J23: 16400 | K23: =IF(J23="","",J23*1.1) -> 18040 | L23: =IF(AND(J23<>"",I23<>""),J23*I23,"") -> 164000 | M23: =IF(L23="","",L23*1.1) -> 180400 | N23: =IF(U23=1,SUMIFS($L:$L,$A:$A,$A23),"") | O23: =IF(U23=1,SUMIFS($M:$M,$A:$A,$A23),"") | R23: =IF(P23="","",P23*1.1) | S23: =IF(AND(P23<>"",Q23<>""),P23*Q23,"") | T23: =IF(S23="","",S23*1.1) | U23: =IF(A23="","",IF(COUNTIF($A$3:A23,A23)=1,1,0)) -> 0
A24: 260106오브제 | B24: 오브제 | E24: =IF(C24="","",C24*1.1) | F24: =IF(AND(C24<>"",D24<>""),C24*D24,"") | G24: =IF(F24="","",F24*1.1) | H24: 12/31 오브제 씬 스틸 컨실러 5g | I24: 3 | J24: 14900 | K24: =IF(J24="","",J24*1.1) -> 16390 | L24: =IF(AND(J24<>"",I24<>""),J24*I24,"") -> 44700 | M24: =IF(L24="","",L24*1.1) -> 49170 | N24: =IF(U24=1,SUMIFS($L:$L,$A:$A,$A24),"") | O24: =IF(U24=1,SUMIFS($M:$M,$A:$A,$A24),"") | R24: =IF(P24="","",P24*1.1) | S24: =IF(AND(P24<>"",Q24<>""),P24*Q24,"") | T24: =IF(S24="","",S24*1.1) | U24: =IF(A24="","",IF(COUNTIF($A$3:A24,A24)=1,1,0)) -> 0
A25: 260106오브제 | B25: 오브제 | E25: =IF(C25="","",C25*1.1) | F25: =IF(AND(C25<>"",D25<>""),C25*D25,"") | G25: =IF(F25="","",F25*1.1) | H25: 12/31 오브제 씬 스틸 컨실러 5g | I25: 5 | J25: 14900 | K25: =IF(J25="","",J25*1.1) -> 16390 | L25: =IF(AND(J25<>"",I25<>""),J25*I25,"") -> 74500 | M25: =IF(L25="","",L25*1.1) -> 81950 | N25: =IF(U25=1,SUMIFS($L:$L,$A:$A,$A25),"") | O25: =IF(U25=1,SUMIFS($M:$M,$A:$A,$A25),"") | R25: =IF(P25="","",P25*1.1) | S25: =IF(AND(P25<>"",Q25<>""),P25*Q25,"") | T25: =IF(S25="","",S25*1.1) | U25: =IF(A25="","",IF(COUNTIF($A$3:A25,A25)=1,1,0)) -> 0
A26: 260106오브제 | B26: 오브제 | E26: =IF(C26="","",C26*1.1) | F26: =IF(AND(C26<>"",D26<>""),C26*D26,"") | G26: =IF(F26="","",F26*1.1) | H26: 12/31 오브제 무드 체인지 립밤, 웜 오렌지, 1개 | I26: 15 | J26: 11500 | K26: =IF(J26="","",J26*1.1) -> 12650 | L26: =IF(AND(J26<>"",I26<>""),J26*I26,"") -> 172500 | M26: =IF(L26="","",L26*1.1) -> 189750 | N26: =IF(U26=1,SUMIFS($L:$L,$A:$A,$A26),"") | O26: =IF(U26=1,SUMIFS($M:$M,$A:$A,$A26),"") | R26: =IF(P26="","",P26*1.1) | S26: =IF(AND(P26<>"",Q26<>""),P26*Q26,"") | T26: =IF(S26="","",S26*1.1) | U26: =IF(A26="","",IF(COUNTIF($A$3:A26,A26)=1,1,0)) -> 0
A27: 260106오브제 | B27: 오브제 | E27: =IF(C27="","",C27*1.1) | F27: =IF(AND(C27<>"",D27<>""),C27*D27,"") | G27: =IF(F27="","",F27*1.1) | H27: 12/29 오브제 포어 제로 필링 토너 310ml + 오일 컨트롤 로션 70ml + 클레이팩 100ml 기초 3종 세트 | I27: 15 | J27: 49900 | K27: =IF(J27="","",J27*1.1) -> 54890 | L27: =IF(AND(J27<>"",I27<>""),J27*I27,"") -> 748500 | M27: =IF(L27="","",L27*1.1) -> 823350 | N27: =IF(U27=1,SUMIFS($L:$L,$A:$A,$A27),"") | O27: =IF(U27=1,SUMIFS($M:$M,$A:$A,$A27),"") | R27: =IF(P27="","",P27*1.1) | S27: =IF(AND(P27<>"",Q27<>""),P27*Q27,"") | T27: =IF(S27="","",S27*1.1) | U27: =IF(A27="","",IF(COUNTIF($A$3:A27,A27)=1,1,0)) -> 0
A28: 260106오브제 | B28: 오브제 | E28: =IF(C28="","",C28*1.1) | F28: =IF(AND(C28<>"",D28<>""),C28*D28,"") | G28: =IF(F28="","",F28*1.1) | H28: 12/27 오브제 무드 체인지 립밤 (3종 택1) | I28: 18 | J28: 11500 | K28: =IF(J28="","",J28*1.1) -> 12650 | L28: =IF(AND(J28<>"",I28<>""),J28*I28,"") -> 207000 | M28: =IF(L28="","",L28*1.1) -> 227700 | N28: =IF(U28=1,SUMIFS($L:$L,$A:$A,$A28),"") | O28: =IF(U28=1,SUMIFS($M:$M,$A:$A,$A28),"") | R28: =IF(P28="","",P28*1.1) | S28: =IF(AND(P28<>"",Q28<>""),P28*Q28,"") | T28: =IF(S28="","",S28*1.1) | U28: =IF(A28="","",IF(COUNTIF($A$3:A28,A28)=1,1,0)) -> 0
A29: 260106오브제 | B29: 오브제 | E29: =IF(C29="","",C29*1.1) | F29: =IF(AND(C29<>"",D29<>""),C29*D29,"") | G29: =IF(F29="","",F29*1.1) | H29: 12/25 오브제 모이스처 프로틴 장벽 크림, 70ml, 2개 | I29: 5 | J29: 35800 | K29: =IF(J29="","",J29*1.1) -> 39380 | L29: =IF(AND(J29<>"",I29<>""),J29*I29,"") -> 179000 | M29: =IF(L29="","",L29*1.1) -> 196900 | N29: =IF(U29=1,SUMIFS($L:$L,$A:$A,$A29),"") | O29: =IF(U29=1,SUMIFS($M:$M,$A:$A,$A29),"") | R29: =IF(P29="","",P29*1.1) | S29: =IF(AND(P29<>"",Q29<>""),P29*Q29,"") | T29: =IF(S29="","",S29*1.1) | U29: =IF(A29="","",IF(COUNTIF($A$3:A29,A29)=1,1,0)) -> 0
A30: 260106오브제 | B30: 오브제 | E30: =IF(C30="","",C30*1.1) | F30: =IF(AND(C30<>"",D30<>""),C30*D30,"") | G30: =IF(F30="","",F30*1.1) | H30: 12/24 오브제 포어 제로 무스 클레이 팩 100ml | I30: 15 | J30: 21400 | K30: =IF(J30="","",J30*1.1) -> 23540 | L30: =IF(AND(J30<>"",I30<>""),J30*I30,"") -> 321000 | M30: =IF(L30="","",L30*1.1) -> 353100 | N30: =IF(U30=1,SUMIFS($L:$L,$A:$A,$A30),"") | O30: =IF(U30=1,SUMIFS($M:$M,$A:$A,$A30),"") | R30: =IF(P30="","",P30*1.1) | S30: =IF(AND(P30<>"",Q30<>""),P30*Q30,"") | T30: =IF(S30="","",S30*1.1) | U30: =IF(A30="","",IF(COUNTIF($A$3:A30,A30)=1,1,0)) -> 0
A31: 260106오브제 | B31: 오브제 | E31: =IF(C31="","",C31*1.1) | F31: =IF(AND(C31<>"",D31<>""),C31*D31,"") | G31: =IF(F31="","",F31*1.1) | H31: 12/24 오브제 오브제 맥스 워터풀 선크림 대용량 저자극 피부진정 올인원 SPF50+ PA++++, 1개, 300ml | I31: 5 | J31: 24900 | K31: =IF(J31="","",J31*1.1) -> 27390 | L31: =IF(AND(J31<>"",I31<>""),J31*I31,"") -> 124500 | M31: =IF(L31="","",L31*1.1) -> 136950 | N31: =IF(U31=1,SUMIFS($L:$L,$A:$A,$A31),"") | O31: =IF(U31=1,SUMIFS($M:$M,$A:$A,$A31),"") | R31: =IF(P31="","",P31*1.1) | S31: =IF(AND(P31<>"",Q31<>""),P31*Q31,"") | T31: =IF(S31="","",S31*1.1) | U31: =IF(A31="","",IF(COUNTIF($A$3:A31,A31)=1,1,0)) -> 0
A32: 260106오브제 | B32: 오브제 | E32: =IF(C32="","",C32*1.1) | F32: =IF(AND(C32<>"",D32<>""),C32*D32,"") | G32: =IF(F32="","",F32*1.1) | H32: 12/24 오브제 오브제 맥스 올인원 워시 남성용 페이스 바디 클렌저 샴푸, 1개, 500ml | I32: 6 | J32: 18900 | K32: =IF(J32="","",J32*1.1) -> 20790 | L32: =IF(AND(J32<>"",I32<>""),J32*I32,"") -> 113400 | M32: =IF(L32="","",L32*1.1) -> 124740 | N32: =IF(U32=1,SUMIFS($L:$L,$A:$A,$A32),"") | O32: =IF(U32=1,SUMIFS($M:$M,$A:$A,$A32),"") | R32: =IF(P32="","",P32*1.1) | S32: =IF(AND(P32<>"",Q32<>""),P32*Q32,"") | T32: =IF(S32="","",S32*1.1) | U32: =IF(A32="","",IF(COUNTIF($A$3:A32,A32)=1,1,0)) -> 0
... A62: 260106오브제 | B62: 오브제 | E62: =IF(C62="","",C62*1.1) | F62: =IF(AND(C62<>"",D62<>""),C62*D62,"") | G62: =IF(F62="","",F62*1.1) | H62: 1/1 오브제 내추럴 올인원 커버 로션 50g, 1개 | I62: 30 | J62: 25250 | K62: =IF(J62="","",J62*1.1) -> 27775 | L62: =IF(AND(J62<>"",I62<>""),J62*I62,"") -> 757500 | M62: =IF(L62="","",L62*1.1) -> 833250 | N62: =IF(U62=1,SUMIFS($L:$L,$A:$A,$A62),"") | O62: =IF(U62=1,SUMIFS($M:$M,$A:$A,$A62),"") | R62: =IF(P62="","",P62*1.1) | S62: =IF(AND(P62<>"",Q62<>""),P62*Q62,"") | T62: =IF(S62="","",S62*1.1) | U62: =IF(A62="","",IF(COUNTIF($A$3:A62,A62)=1,1,0)) -> 0
A63: 260106푸드올로지 | B63: 푸드올로지 | C63: 800 | D63: 1089 | E63: =IF(C63="","",C63*1.1) -> 880 | F63: =IF(AND(C63<>"",D63<>""),C63*D63,"") -> 871200 | G63: =IF(F63="","",F63*1.1) -> 958320 | H63: 12/31 푸드올로지 톡스올로지 클렌즈 비움, 450ml, 1개 | I63: 3 | J63: 28800 | K63: =IF(J63="","",J63*1.1) -> 31680 | L63: =IF(AND(J63<>"",I63<>""),J63*I63,"") -> 86400 | M63: =IF(L63="","",L63*1.1) -> 95040 | N63: =IF(U63=1,SUMIFS($L:$L,$A:$A,$A63),"") -> 31019310 | O63: =IF(U63=1,SUMIFS($M:$M,$A:$A,$A63),"") -> 34121241 | R63: =IF(P63="","",P63*1.1) | S63: =IF(AND(P63<>"",Q63<>""),P63*Q63,"") | T63: =IF(S63="","",S63*1.1) | U63: =IF(A63="","",IF(COUNTIF($A$3:A63,A63)=1,1,0)) -> 1
A64: 260106푸드올로지 | B64: 푸드올로지 | E64: =IF(C64="","",C64*1.1) | F64: =IF(AND(C64<>"",D64<>""),C64*D64,"") | G64: =IF(F64="","",F64*1.1) | H64: 12/31 푸드올로지 톡스올로지 48시간 CCA 클렌즈주스, 1L, 1개 | I64: 5 | J64: 24800 | K64: =IF(J64="","",J64*1.1) -> 27280 | L64: =IF(AND(J64<>"",I64<>""),J64*I64,"") -> 124000 | M64: =IF(L64="","",L64*1.1) -> 136400 | N64: =IF(U64=1,SUMIFS($L:$L,$A:$A,$A64),"") | O64: =IF(U64=1,SUMIFS($M:$M,$A:$A,$A64),"") | R64: =IF(P64="","",P64*1.1) | S64: =IF(AND(P64<>"",Q64<>""),P64*Q64,"") | T64: =IF(S64="","",S64*1.1) | U64: =IF(A64="","",IF(COUNTIF($A$3:A64,A64)=1,1,0)) -> 0
A65: 260106푸드올로지 | B65: 푸드올로지 | E65: =IF(C65="","",C65*1.1) | F65: =IF(AND(C65<>"",D65<>""),C65*D65,"") | G65: =IF(F65="","",F65*1.1) | H65: 12/31 푸드올로지 톡스올로지 48시간 CCA 클렌즈주스, 1L, 1개 | I65: 10 | J65: 24800 | K65: =IF(J65="","",J65*1.1) -> 27280 | L65: =IF(AND(J65<>"",I65<>""),J65*I65,"") -> 248000 | M65: =IF(L65="","",L65*1.1) -> 272800 | N65: =IF(U65=1,SUMIFS($L:$L,$A:$A,$A65),"") | O65: =IF(U65=1,SUMIFS($M:$M,$A:$A,$A65),"") | R65: =IF(P65="","",P65*1.1) | S65: =IF(AND(P65<>"",Q65<>""),P65*Q65,"") | T65: =IF(S65="","",S65*1.1) | U65: =IF(A65="","",IF(COUNTIF($A$3:A65,A65)=1,1,0)) -> 0
A66: 260106푸드올로지 | B66: 푸드올로지 | E66: =IF(C66="","",C66*1.1) | F66: =IF(AND(C66<>"",D66<>""),C66*D66,"") | G66: =IF(F66="","",F66*1.1) | H66: 12/31 푸드올로지 콜레올로지컷 프로 다이어트 보조제 39.6g, 66정, 1개 | I66: 5 | J66: 34190 | K66: =IF(J66="","",J66*1.1) -> 37609 | L66: =IF(AND(J66<>"",I66<>""),J66*I66,"") -> 170950 | M66: =IF(L66="","",L66*1.1) -> 188045 | N66: =IF(U66=1,SUMIFS($L:$L,$A:$A,$A66),"") | O66: =IF(U66=1,SUMIFS($M:$M,$A:$A,$A66),"") | R66: =IF(P66="","",P66*1.1) | S66: =IF(AND(P66<>"",Q66<>""),P66*Q66,"") | T66: =IF(S66="","",S66*1.1) | U66: =IF(A66="","",IF(COUNTIF($A$3:A66,A66)=1,1,0)) -> 0
A67: 260106푸드올로지 | B67: 푸드올로지 | E67: =IF(C67="","",C67*1.1) | F67: =IF(AND(C67<>"",D67<>""),C67*D67,"") | G67: =IF(F67="","",F67*1.1) | H67: 12/31 푸드올로지 콜레올로지컷 다이어트 유산균, 20정, 1개 | I67: 3 | J67: 29800 | K67: =IF(J67="","",J67*1.1) -> 32780 | L67: =IF(AND(J67<>"",I67<>""),J67*I67,"") -> 89400 | M67: =IF(L67="","",L67*1.1) -> 98340 | N67: =IF(U67=1,SUMIFS($L:$L,$A:$A,$A67),"") | O67: =IF(U67=1,SUMIFS($M:$M,$A:$A,$A67),"") | R67: =IF(P67="","",P67*1.1) | S67: =IF(AND(P67<>"",Q67<>""),P67*Q67,"") | T67: =IF(S67="","",S67*1.1) | U67: =IF(A67="","",IF(COUNTIF($A$3:A67,A67)=1,1,0)) -> 0
A68: 260106푸드올로지 | B68: 푸드올로지 | E68: =IF(C68="","",C68*1.1) | F68: =IF(AND(C68<>"",D68<>""),C68*D68,"") | G68: =IF(F68="","",F68*1.1) | H68: 12/31 푸드올로지 콜레 티 워터, 500ml, 12개 | I68: 3 | J68: 16900 | K68: =IF(J68="","",J68*1.1) -> 18590 | L68: =IF(AND(J68<>"",I68<>""),J68*I68,"") -> 50700 | M68: =IF(L68="","",L68*1.1) -> 55770 | N68: =IF(U68=1,SUMIFS($L:$L,$A:$A,$A68),"") | O68: =IF(U68=1,SUMIFS($M:$M,$A:$A,$A68),"") | R68: =IF(P68="","",P68*1.1) | S68: =IF(AND(P68<>"",Q68<>""),P68*Q68,"") | T68: =IF(S68="","",S68*1.1) | U68: =IF(A68="","",IF(COUNTIF($A$3:A68,A68)=1,1,0)) -> 0
A69: 260106푸드올로지 | B69: 푸드올로지 | E69: =IF(C69="","",C69*1.1) | F69: =IF(AND(C69<>"",D69<>""),C69*D69,"") | G69: =IF(F69="","",F69*1.1) | H69: 12/31 푸드올로지 콜라겐 센텔라 젤리, 1개, 10회분 | I69: 10 | J69: 22800 | K69: =IF(J69="","",J69*1.1) -> 25080 | L69: =IF(AND(J69<>"",I69<>""),J69*I69,"") -> 228000 | M69: =IF(L69="","",L69*1.1) -> 250800 | N69: =IF(U69=1,SUMIFS($L:$L,$A:$A,$A69),"") | O69: =IF(U69=1,SUMIFS($M:$M,$A:$A,$A69),"") | R69: =IF(P69="","",P69*1.1) | S69: =IF(AND(P69<>"",Q69<>""),P69*Q69,"") | T69: =IF(S69="","",S69*1.1) | U69: =IF(A69="","",IF(COUNTIF($A$3:A69,A69)=1,1,0)) -> 0
A70: 260106푸드올로지 | B70: 푸드올로지 | E70: =IF(C70="","",C70*1.1) | F70: =IF(AND(C70<>"",D70<>""),C70*D70,"") | G70: =IF(F70="","",F70*1.1) | H70: 12/31 푸드올로지 애사비 탱글 젤리 청귤맛 NMN 10p, 10회분, 1개 | I70: 3 | J70: 23800 | K70: =IF(J70="","",J70*1.1) -> 26180 | L70: =IF(AND(J70<>"",I70<>""),J70*I70,"") -> 71400 | M70: =IF(L70="","",L70*1.1) -> 78540 | N70: =IF(U70=1,SUMIFS($L:$L,$A:$A,$A70),"") | O70: =IF(U70=1,SUMIFS($M:$M,$A:$A,$A70),"") | R70: =IF(P70="","",P70*1.1) | S70: =IF(AND(P70<>"",Q70<>""),P70*Q70,"") | T70: =IF(S70="","",S70*1.1) | U70: =IF(A70="","",IF(COUNTIF($A$3:A70,A70)=1,1,0)) -> 0
A71: 260106푸드올로지 | B71: 푸드올로지 | E71: =IF(C71="","",C71*1.1) | F71: =IF(AND(C71<>"",D71<>""),C71*D71,"") | G71: =IF(F71="","",F71*1.1) | H71: 12/31 푸드올로지 애사비 탱글 젤리 사과맛 NMN 10p, 1개, 10회분 | I71: 3 | J71: 23800 | K71: =IF(J71="","",J71*1.1) -> 26180 | L71: =IF(AND(J71<>"",I71<>""),J71*I71,"") -> 71400 | M71: =IF(L71="","",L71*1.1) -> 78540 | N71: =IF(U71=1,SUMIFS($L:$L,$A:$A,$A71),"") | O71: =IF(U71=1,SUMIFS($M:$M,$A:$A,$A71),"") | R71: =IF(P71="","",P71*1.1) | S71: =IF(AND(P71<>"",Q71<>""),P71*Q71,"") | T71: =IF(S71="","",S71*1.1) | U71: =IF(A71="","",IF(COUNTIF($A$3:A71,A71)=1,1,0)) -> 0
A72: 260106푸드올로지 | B72: 푸드올로지 | E72: =IF(C72="","",C72*1.1) | F72: =IF(AND(C72<>"",D72<>""),C72*D72,"") | G72: =IF(F72="","",F72*1.1) | H72: 12/31 푸드올로지 애사비 탱글 젤리 복숭아맛 NMN 10p, 1개, 10회분 | I72: 3 | J72: 23800 | K72: =IF(J72="","",J72*1.1) -> 26180 | L72: =IF(AND(J72<>"",I72<>""),J72*I72,"") -> 71400 | M72: =IF(L72="","",L72*1.1) -> 78540 | N72: =IF(U72=1,SUMIFS($L:$L,$A:$A,$A72),"") | O72: =IF(U72=1,SUMIFS($M:$M,$A:$A,$A72),"") | R72: =IF(P72="","",P72*1.1) | S72: =IF(AND(P72<>"",Q72<>""),P72*Q72,"") | T72: =IF(S72="","",S72*1.1) | U72: =IF(A72="","",IF(COUNTIF($A$3:A72,A72)=1,1,0)) -> 0
A73: 260106푸드올로지 | B73: 푸드올로지 | E73: =IF(C73="","",C73*1.1) | F73: =IF(AND(C73<>"",D73<>""),C73*D73,"") | G73: =IF(F73="","",F73*1.1) | H73: 12/31 푸드올로지 버닝올로지 디데이 다이어트 케어 | I73: 5 | J73: 31900 | K73: =IF(J73="","",J73*1.1) -> 35090 | L73: =IF(AND(J73<>"",I73<>""),J73*I73,"") -> 159500 | M73: =IF(L73="","",L73*1.1) -> 175450 | N73: =IF(U73=1,SUMIFS($L:$L,$A:$A,$A73),"") | O73: =IF(U73=1,SUMIFS($M:$M,$A:$A,$A73),"") | R73: =IF(P73="","",P73*1.1) | S73: =IF(AND(P73<>"",Q73<>""),P73*Q73,"") | T73: =IF(S73="","",S73*1.1) | U73: =IF(A73="","",IF(COUNTIF($A$3:A73,A73)=1,1,0)) -> 0
A74: 260106푸드올로지 | B74: 푸드올로지 | E74: =IF(C74="","",C74*1.1) | F74: =IF(AND(C74<>"",D74<>""),C74*D74,"") | G74: =IF(F74="","",F74*1.1) | H74: 12/31 푸드올로지 마인드풀 지중해 올리브오일 | I74: 5 | J74: 32800 | K74: =IF(J74="","",J74*1.1) -> 36080 | L74: =IF(AND(J74<>"",I74<>""),J74*I74,"") -> 164000 | M74: =IF(L74="","",L74*1.1) -> 180400 | N74: =IF(U74=1,SUMIFS($L:$L,$A:$A,$A74),"") | O74: =IF(U74=1,SUMIFS($M:$M,$A:$A,$A74),"") | R74: =IF(P74="","",P74*1.1) | S74: =IF(AND(P74<>"",Q74<>""),P74*Q74,"") | T74: =IF(S74="","",S74*1.1) | U74: =IF(A74="","",IF(COUNTIF($A$3:A74,A74)=1,1,0)) -> 0
A75: 260106푸드올로지 | B75: 푸드올로지 | E75: =IF(C75="","",C75*1.1) | F75: =IF(AND(C75<>"",D75<>""),C75*D75,"") | G75: =IF(F75="","",F75*1.1) | H75: 12/31 푸드올로지 마인드풀 지중해 오일만 클렌즈 10p, 1개, 10회분 | I75: 5 | J75: 25800 | K75: =IF(J75="","",J75*1.1) -> 28380 | L75: =IF(AND(J75<>"",I75<>""),J75*I75,"") -> 129000 | M75: =IF(L75="","",L75*1.1) -> 141900 | N75: =IF(U75=1,SUMIFS($L:$L,$A:$A,$A75),"") | O75: =IF(U75=1,SUMIFS($M:$M,$A:$A,$A75),"") | R75: =IF(P75="","",P75*1.1) | S75: =IF(AND(P75<>"",Q75<>""),P75*Q75,"") | T75: =IF(S75="","",S75*1.1) | U75: =IF(A75="","",IF(COUNTIF($A$3:A75,A75)=1,1,0)) -> 0
... A199: 260106푸드올로지 | B199: 푸드올로지 | E199: =IF(C199="","",C199*1.1) | F199: =IF(AND(C199<>"",D199<>""),C199*D199,"") | G199: =IF(F199="","",F199*1.1) | H199: 1/1 [N단독/1+1] 푸드올로지 톡스올로지 클렌즈 48시간 ABC+CCA 공복 당근 푸른 주스 | I199: 4 | J199: 47500 | K199: =IF(J199="","",J199*1.1) -> 52250 | L199: =IF(AND(J199<>"",I199<>""),J199*I199,"") -> 190000 | M199: =IF(L199="","",L199*1.1) -> 209000 | N199: =IF(U199=1,SUMIFS($L:$L,$A:$A,$A199),"") | O199: =IF(U199=1,SUMIFS($M:$M,$A:$A,$A199),"") | R199: =IF(P199="","",P199*1.1) | S199: =IF(AND(P199<>"",Q199<>""),P199*Q199,"") | T199: =IF(S199="","",S199*1.1) | U199: =IF(A199="","",IF(COUNTIF($A$3:A199,A199)=1,1,0)) -> 0
A200: 260106풀리 | B200: 풀리 | C200: 800 | D200: 203 | E200: =IF(C200="","",C200*1.1) -> 880 | F200: =IF(AND(C200<>"",D200<>""),C200*D200,"") -> 162400 | G200: =IF(F200="","",F200*1.1) -> 178640 | H200: 12/31 [홀리데이/케이크타올 증정] 풀리 비건 팩 클렌저+타올 기획 세트(3종 중 택1) | I200: 10 | J200: 19800 | K200: =IF(J200="","",J200*1.1) -> 21780 | L200: =IF(AND(J200<>"",I200<>""),J200*I200,"") -> 198000 | M200: =IF(L200="","",L200*1.1) -> 217800 | N200: =IF(U200=1,SUMIFS($L:$L,$A:$A,$A200),"") -> 3769270 | O200: =IF(U200=1,SUMIFS($M:$M,$A:$A,$A200),"") -> 4146197 | R200: =IF(P200="","",P200*1.1) | S200: =IF(AND(P200<>"",Q200<>""),P200*Q200,"") | T200: =IF(S200="","",S200*1.1) | U200: =IF(A200="","",IF(COUNTIF($A$3:A200,A200)=1,1,0)) -> 1
A201: 260106풀리 | B201: 풀리 | E201: =IF(C201="","",C201*1.1) | F201: =IF(AND(C201<>"",D201<>""),C201*D201,"") | G201: =IF(F201="","",F201*1.1) | H201: 12/31 [홀리데이 추천] 풀리 비건 팩 클렌저 3종 디스커버리 키트 | I201: 10 | J201: 15900 | K201: =IF(J201="","",J201*1.1) -> 17490 | L201: =IF(AND(J201<>"",I201<>""),J201*I201,"") -> 159000 | M201: =IF(L201="","",L201*1.1) -> 174900 | N201: =IF(U201=1,SUMIFS($L:$L,$A:$A,$A201),"") | O201: =IF(U201=1,SUMIFS($M:$M,$A:$A,$A201),"") | R201: =IF(P201="","",P201*1.1) | S201: =IF(AND(P201<>"",Q201<>""),P201*Q201,"") | T201: =IF(S201="","",S201*1.1) | U201: =IF(A201="","",IF(COUNTIF($A$3:A201,A201)=1,1,0)) -> 0
A202: 260106풀리 | B202: 풀리 | E202: =IF(C202="","",C202*1.1) | F202: =IF(AND(C202<>"",D202<>""),C202*D202,"") | G202: =IF(F202="","",F202*1.1) | H202: 12/30 풀리 쌀세라 수분선크림 50ml | I202: 5 | J202: 17900 | K202: =IF(J202="","",J202*1.1) -> 19690 | L202: =IF(AND(J202<>"",I202<>""),J202*I202,"") -> 89500 | M202: =IF(L202="","",L202*1.1) -> 98450 | N202: =IF(U202=1,SUMIFS($L:$L,$A:$A,$A202),"") | O202: =IF(U202=1,SUMIFS($M:$M,$A:$A,$A202),"") | R202: =IF(P202="","",P202*1.1) | S202: =IF(AND(P202<>"",Q202<>""),P202*Q202,"") | T202: =IF(S202="","",S202*1.1) | U202: =IF(A202="","",IF(COUNTIF($A$3:A202,A202)=1,1,0)) -> 0
A203: 260106풀리 | B203: 풀리 | E203: =IF(C203="","",C203*1.1) | F203: =IF(AND(C203<>"",D203<>""),C203*D203,"") | G203: =IF(F203="","",F203*1.1) | H203: 12/30 풀리 쌀 세라 에센스 토너 보습 장벽 토너, 1개, 250ml | I203: 7 | J203: 20150 | K203: =IF(J203="","",J203*1.1) -> 22165 | L203: =IF(AND(J203<>"",I203<>""),J203*I203,"") -> 141050 | M203: =IF(L203="","",L203*1.1) -> 155155 | N203: =IF(U203=1,SUMIFS($L:$L,$A:$A,$A203),"") | O203: =IF(U203=1,SUMIFS($M:$M,$A:$A,$A203),"") | R203: =IF(P203="","",P203*1.1) | S203: =IF(AND(P203<>"",Q203<>""),P203*Q203,"") | T203: =IF(S203="","",S203*1.1) | U203: =IF(A203="","",IF(COUNTIF($A$3:A203,A203)=1,1,0)) -> 0
A204: 260106풀리 | B204: 풀리 | E204: =IF(C204="","",C204*1.1) | F204: =IF(AND(C204<>"",D204<>""),C204*D204,"") | G204: =IF(F204="","",F204*1.1) | H204: 12/30 풀리 비건 그린 토마토 클레이 팩 클렌저, 120ml, 1개 | I204: 10 | J204: 17800 | K204: =IF(J204="","",J204*1.1) -> 19580 | L204: =IF(AND(J204<>"",I204<>""),J204*I204,"") -> 178000 | M204: =IF(L204="","",L204*1.1) -> 195800 | N204: =IF(U204=1,SUMIFS($L:$L,$A:$A,$A204),"") | O204: =IF(U204=1,SUMIFS($M:$M,$A:$A,$A204),"") | R204: =IF(P204="","",P204*1.1) | S204: =IF(AND(P204<>"",Q204<>""),P204*Q204,"") | T204: =IF(S204="","",S204*1.1) | U204: =IF(A204="","",IF(COUNTIF($A$3:A204,A204)=1,1,0)) -> 0
A205: 260106풀리 | B205: 풀리 | E205: =IF(C205="","",C205*1.1) | F205: =IF(AND(C205<>"",D205<>""),C205*D205,"") | G205: =IF(F205="","",F205*1.1) | H205: 12/30 풀리 그린토마토 클레이 팩클렌저 120ml | I205: 5 | J205: 18400 | K205: =IF(J205="","",J205*1.1) -> 20240 | L205: =IF(AND(J205<>"",I205<>""),J205*I205,"") -> 92000 | M205: =IF(L205="","",L205*1.1) -> 101200 | N205: =IF(U205=1,SUMIFS($L:$L,$A:$A,$A205),"") | O205: =IF(U205=1,SUMIFS($M:$M,$A:$A,$A205),"") | R205: =IF(P205="","",P205*1.1) | S205: =IF(AND(P205<>"",Q205<>""),P205*Q205,"") | T205: =IF(S205="","",S205*1.1) | U205: =IF(A205="","",IF(COUNTIF($A$3:A205,A205)=1,1,0)) -> 0
A206: 260106풀리 | B206: 풀리 | E206: =IF(C206="","",C206*1.1) | F206: =IF(AND(C206<>"",D206<>""),C206*D206,"") | G206: =IF(F206="","",F206*1.1) | H206: 12/30 [홀리데이/케이크타올 증정] 풀리 비건 팩 클렌저+타올 기획 세트(3종 중 택1) | I206: 10 | J206: 19800 | K206: =IF(J206="","",J206*1.1) -> 21780 | L206: =IF(AND(J206<>"",I206<>""),J206*I206,"") -> 198000 | M206: =IF(L206="","",L206*1.1) -> 217800 | N206: =IF(U206=1,SUMIFS($L:$L,$A:$A,$A206),"") | O206: =IF(U206=1,SUMIFS($M:$M,$A:$A,$A206),"") | R206: =IF(P206="","",P206*1.1) | S206: =IF(AND(P206<>"",Q206<>""),P206*Q206,"") | T206: =IF(S206="","",S206*1.1) | U206: =IF(A206="","",IF(COUNTIF($A$3:A206,A206)=1,1,0)) -> 0
A207: 260106풀리 | B207: 풀리 | E207: =IF(C207="","",C207*1.1) | F207: =IF(AND(C207<>"",D207<>""),C207*D207,"") | G207: =IF(F207="","",F207*1.1) | H207: 12/30 [홀리데이 추천] 풀리 비건 팩 클렌저 3종 디스커버리 키트 | I207: 10 | J207: 15900 | K207: =IF(J207="","",J207*1.1) -> 17490 | L207: =IF(AND(J207<>"",I207<>""),J207*I207,"") -> 159000 | M207: =IF(L207="","",L207*1.1) -> 174900 | N207: =IF(U207=1,SUMIFS($L:$L,$A:$A,$A207),"") | O207: =IF(U207=1,SUMIFS($M:$M,$A:$A,$A207),"") | R207: =IF(P207="","",P207*1.1) | S207: =IF(AND(P207<>"",Q207<>""),P207*Q207,"") | T207: =IF(S207="","",S207*1.1) | U207: =IF(A207="","",IF(COUNTIF($A$3:A207,A207)=1,1,0)) -> 0
A208: 260106풀리 | B208: 풀리 | E208: =IF(C208="","",C208*1.1) | F208: =IF(AND(C208<>"",D208<>""),C208*D208,"") | G208: =IF(F208="","",F208*1.1) | H208: 12/29 [홀리데이/케이크타올 증정] 풀리 비건 팩 클렌저+타올 기획 세트(3종 중 택1) | I208: 10 | J208: 19800 | K208: =IF(J208="","",J208*1.1) -> 21780 | L208: =IF(AND(J208<>"",I208<>""),J208*I208,"") -> 198000 | M208: =IF(L208="","",L208*1.1) -> 217800 | N208: =IF(U208=1,SUMIFS($L:$L,$A:$A,$A208),"") | O208: =IF(U208=1,SUMIFS($M:$M,$A:$A,$A208),"") | R208: =IF(P208="","",P208*1.1) | S208: =IF(AND(P208<>"",Q208<>""),P208*Q208,"") | T208: =IF(S208="","",S208*1.1) | U208: =IF(A208="","",IF(COUNTIF($A$3:A208,A208)=1,1,0)) -> 0
A209: 260106풀리 | B209: 풀리 | E209: =IF(C209="","",C209*1.1) | F209: =IF(AND(C209<>"",D209<>""),C209*D209,"") | G209: =IF(F209="","",F209*1.1) | H209: 12/29 [홀리데이 추천] 풀리 비건 팩 클렌저 3종 디스커버리 키트 | I209: 10 | J209: 15900 | K209: =IF(J209="","",J209*1.1) -> 17490 | L209: =IF(AND(J209<>"",I209<>""),J209*I209,"") -> 159000 | M209: =IF(L209="","",L209*1.1) -> 174900 | N209: =IF(U209=1,SUMIFS($L:$L,$A:$A,$A209),"") | O209: =IF(U209=1,SUMIFS($M:$M,$A:$A,$A209),"") | R209: =IF(P209="","",P209*1.1) | S209: =IF(AND(P209<>"",Q209<>""),P209*Q209,"") | T209: =IF(S209="","",S209*1.1) | U209: =IF(A209="","",IF(COUNTIF($A$3:A209,A209)=1,1,0)) -> 0
A210: 260106풀리 | B210: 풀리 | E210: =IF(C210="","",C210*1.1) | F210: =IF(AND(C210<>"",D210<>""),C210*D210,"") | G210: =IF(F210="","",F210*1.1) | H210: 12/28 [홀리데이/케이크타올 증정] 풀리 비건 팩 클렌저+타올 기획 세트(3종 중 택1) | I210: 10 | J210: 19500 | K210: =IF(J210="","",J210*1.1) -> 21450 | L210: =IF(AND(J210<>"",I210<>""),J210*I210,"") -> 195000 | M210: =IF(L210="","",L210*1.1) -> 214500 | N210: =IF(U210=1,SUMIFS($L:$L,$A:$A,$A210),"") | O210: =IF(U210=1,SUMIFS($M:$M,$A:$A,$A210),"") | R210: =IF(P210="","",P210*1.1) | S210: =IF(AND(P210<>"",Q210<>""),P210*Q210,"") | T210: =IF(S210="","",S210*1.1) | U210: =IF(A210="","",IF(COUNTIF($A$3:A210,A210)=1,1,0)) -> 0
A211: 260106풀리 | B211: 풀리 | E211: =IF(C211="","",C211*1.1) | F211: =IF(AND(C211<>"",D211<>""),C211*D211,"") | G211: =IF(F211="","",F211*1.1) | H211: 12/28 [홀리데이 추천] 풀리 비건 팩 클렌저 3종 디스커버리 키트 | I211: 10 | J211: 15000 | K211: =IF(J211="","",J211*1.1) -> 16500 | L211: =IF(AND(J211<>"",I211<>""),J211*I211,"") -> 150000 | M211: =IF(L211="","",L211*1.1) -> 165000 | N211: =IF(U211=1,SUMIFS($L:$L,$A:$A,$A211),"") | O211: =IF(U211=1,SUMIFS($M:$M,$A:$A,$A211),"") | R211: =IF(P211="","",P211*1.1) | S211: =IF(AND(P211<>"",Q211<>""),P211*Q211,"") | T211: =IF(S211="","",S211*1.1) | U211: =IF(A211="","",IF(COUNTIF($A$3:A211,A211)=1,1,0)) -> 0
A212: 260106풀리 | B212: 풀리 | E212: =IF(C212="","",C212*1.1) | F212: =IF(AND(C212<>"",D212<>""),C212*D212,"") | G212: =IF(F212="","",F212*1.1) | H212: 12/27 풀리 쌀 세라 수분 선크림, 1개, 50ml | I212: 7 | J212: 16200 | K212: =IF(J212="","",J212*1.1) -> 17820 | L212: =IF(AND(J212<>"",I212<>""),J212*I212,"") -> 113400 | M212: =IF(L212="","",L212*1.1) -> 124740 | N212: =IF(U212=1,SUMIFS($L:$L,$A:$A,$A212),"") | O212: =IF(U212=1,SUMIFS($M:$M,$A:$A,$A212),"") | R212: =IF(P212="","",P212*1.1) | S212: =IF(AND(P212<>"",Q212<>""),P212*Q212,"") | T212: =IF(S212="","",S212*1.1) | U212: =IF(A212="","",IF(COUNTIF($A$3:A212,A212)=1,1,0)) -> 0
... A225: 260106풀리 | B225: 풀리 | E225: =IF(C225="","",C225*1.1) | F225: =IF(AND(C225<>"",D225<>""),C225*D225,"") | G225: =IF(F225="","",F225*1.1) | H225: 1/1 [홀리데이 추천] 풀리 비건 팩 클렌저 3종 디스커버리 키트 | I225: 10 | J225: 15900 | K225: =IF(J225="","",J225*1.1) -> 17490 | L225: =IF(AND(J225<>"",I225<>""),J225*I225,"") -> 159000 | M225: =IF(L225="","",L225*1.1) -> 174900 | N225: =IF(U225=1,SUMIFS($L:$L,$A:$A,$A225),"") | O225: =IF(U225=1,SUMIFS($M:$M,$A:$A,$A225),"") | R225: =IF(P225="","",P225*1.1) | S225: =IF(AND(P225<>"",Q225<>""),P225*Q225,"") | T225: =IF(S225="","",S225*1.1) | U225: =IF(A225="","",IF(COUNTIF($A$3:A225,A225)=1,1,0)) -> 0
A226: 260106랑셍스 | B226: 랑셍스 | C226: 800 | D226: 5 | E226: =IF(C226="","",C226*1.1) -> 880 | F226: =IF(AND(C226<>"",D226<>""),C226*D226,"") -> 4000 | G226: =IF(F226="","",F226*1.1) -> 4400 | H226: 오드퍼퓸 | I226: 5 | J226: 28310 | K226: =IF(J226="","",J226*1.1) -> 31141 | L226: =IF(AND(J226<>"",I226<>""),J226*I226,"") -> 141550 | M226: =IF(L226="","",L226*1.1) -> 155705 | N226: =IF(U226=1,SUMIFS($L:$L,$A:$A,$A226),"") -> 141550 | O226: =IF(U226=1,SUMIFS($M:$M,$A:$A,$A226),"") -> 155705 | R226: =IF(P226="","",P226*1.1) | S226: =IF(AND(P226<>"",Q226<>""),P226*Q226,"") | T226: =IF(S226="","",S226*1.1) | U226: =IF(A226="","",IF(COUNTIF($A$3:A226,A226)=1,1,0)) -> 1
A227: 260106프로블럼95 | B227: 프로블럼95 | C227: 800 | D227: 85 | E227: =IF(C227="","",C227*1.1) -> 880 | F227: =IF(AND(C227<>"",D227<>""),C227*D227,"") -> 68000 | G227: =IF(F227="","",F227*1.1) -> 74800 | H227: 12/30 95프로블럼 발란스핏 종아리 마사지기, 1개 | I227: 7 | J227: 64000 | K227: =IF(J227="","",J227*1.1) -> 70400 | L227: =IF(AND(J227<>"",I227<>""),J227*I227,"") -> 448000 | M227: =IF(L227="","",L227*1.1) -> 492800 | N227: =IF(U227=1,SUMIFS($L:$L,$A:$A,$A227),"") -> 3335750 | O227: =IF(U227=1,SUMIFS($M:$M,$A:$A,$A227),"") -> 3669325 | R227: =IF(P227="","",P227*1.1) | S227: =IF(AND(P227<>"",Q227<>""),P227*Q227,"") | T227: =IF(S227="","",S227*1.1) | U227: =IF(A227="","",IF(COUNTIF($A$3:A227,A227)=1,1,0)) -> 1
A228: 260106프로블럼95 | B228: 프로블럼95 | E228: =IF(C228="","",C228*1.1) | F228: =IF(AND(C228<>"",D228<>""),C228*D228,"") | G228: =IF(F228="","",F228*1.1) | H228: 12/29 95프로블럼 발란스핏 압박스타킹 종아리형 프로 1등급 신고 의료기기 | I228: 50 | J228: 19800 | K228: =IF(J228="","",J228*1.1) -> 21780 | L228: =IF(AND(J228<>"",I228<>""),J228*I228,"") -> 990000 | M228: =IF(L228="","",L228*1.1) -> 1089000 | N228: =IF(U228=1,SUMIFS($L:$L,$A:$A,$A228),"") | O228: =IF(U228=1,SUMIFS($M:$M,$A:$A,$A228),"") | R228: =IF(P228="","",P228*1.1) | S228: =IF(AND(P228<>"",Q228<>""),P228*Q228,"") | T228: =IF(S228="","",S228*1.1) | U228: =IF(A228="","",IF(COUNTIF($A$3:A228,A228)=1,1,0)) -> 0
A229: 260106프로블럼95 | B229: 프로블럼95 | E229: =IF(C229="","",C229*1.1) | F229: =IF(AND(C229<>"",D229<>""),C229*D229,"") | G229: =IF(F229="","",F229*1.1) | H229: 12/27 95프로블럼 발란스핏 EMS 슬림 벨트 마사지기 PRO, 1개, 퍼플 | I229: 5 | J229: 103070 | K229: =IF(J229="","",J229*1.1) -> 113377 | L229: =IF(AND(J229<>"",I229<>""),J229*I229,"") -> 515350 | M229: =IF(L229="","",L229*1.1) -> 566885 | N229: =IF(U229=1,SUMIFS($L:$L,$A:$A,$A229),"") | O229: =IF(U229=1,SUMIFS($M:$M,$A:$A,$A229),"") | R229: =IF(P229="","",P229*1.1) | S229: =IF(AND(P229<>"",Q229<>""),P229*Q229,"") | T229: =IF(S229="","",S229*1.1) | U229: =IF(A229="","",IF(COUNTIF($A$3:A229,A229)=1,1,0)) -> 0
A230: 260106프로블럼95 | B230: 프로블럼95 | E230: =IF(C230="","",C230*1.1) | F230: =IF(AND(C230<>"",D230<>""),C230*D230,"") | G230: =IF(F230="","",F230*1.1) | H230: 12/27 95프로블럼 바디케어 1등 발란스핏 체어 마사지기 / 온열 무선 등허리 마사지기 안마기 직장인 | I230: 20 | J230: 67500 | K230: =IF(J230="","",J230*1.1) -> 74250 | L230: =IF(AND(J230<>"",I230<>""),J230*I230,"") -> 1350000 | M230: =IF(L230="","",L230*1.1) -> 1485000 | N230: =IF(U230=1,SUMIFS($L:$L,$A:$A,$A230),"") | O230: =IF(U230=1,SUMIFS($M:$M,$A:$A,$A230),"") | R230: =IF(P230="","",P230*1.1) | S230: =IF(AND(P230<>"",Q230<>""),P230*Q230,"") | T230: =IF(S230="","",S230*1.1) | U230: =IF(A230="","",IF(COUNTIF($A$3:A230,A230)=1,1,0)) -> 0
A231: 260106프로블럼95 | B231: 프로블럼95 | E231: =IF(C231="","",C231*1.1) | F231: =IF(AND(C231<>"",D231<>""),C231*D231,"") | G231: =IF(F231="","",F231*1.1) | H231: 1/1 95프로블럼 발란스핏 페이스핏 주름패치 62패치 이마 미간 눈가 팔자 주름개선 기능성 반투명 초밀착패치 | I231: 3 | J231: 10800 | K231: =IF(J231="","",J231*1.1) -> 11880 | L231: =IF(AND(J231<>"",I231<>""),J231*I231,"") -> 32400 | M231: =IF(L231="","",L231*1.1) -> 35640 | N231: =IF(U231=1,SUMIFS($L:$L,$A:$A,$A231),"") | O231: =IF(U231=1,SUMIFS($M:$M,$A:$A,$A231),"") | R231: =IF(P231="","",P231*1.1) | S231: =IF(AND(P231<>"",Q231<>""),P231*Q231,"") | T231: =IF(S231="","",S231*1.1) | U231: =IF(A231="","",IF(COUNTIF($A$3:A231,A231)=1,1,0)) -> 0
A232: 260106포들 네이버 | B232: 포들 | C232: 2000 | D232: 1586 | E232: =IF(C232="","",C232*1.1) -> 2200 | F232: =IF(AND(C232<>"",D232<>""),C232*D232,"") -> 3172000 | G232: =IF(F232="","",F232*1.1) -> 3489200 | H232: 톤결광 5매 | I232: 82 | J232: 24000 | K232: =IF(J232="","",J232*1.1) -> 26400 | L232: =IF(AND(J232<>"",I232<>""),J232*I232,"") -> 1968000 | M232: =IF(L232="","",L232*1.1) -> 2164800 | N232: =IF(U232=1,SUMIFS($L:$L,$A:$A,$A232),"") -> 129191000 | O232: =IF(U232=1,SUMIFS($M:$M,$A:$A,$A232),"") -> 142110100 | R232: =IF(P232="","",P232*1.1) | S232: =IF(AND(P232<>"",Q232<>""),P232*Q232,"") | T232: =IF(S232="","",S232*1.1) | U232: =IF(A232="","",IF(COUNTIF($A$3:A232,A232)=1,1,0)) -> 1
A233: 260106포들 네이버 | B233: 포들 | H233: 톤결광 10매 | I233: 51 | J233: 45000 | K233: =IF(J233="","",J233*1.1) -> 49500 | L233: =IF(AND(J233<>"",I233<>""),J233*I233,"") -> 2295000 | M233: =IF(L233="","",L233*1.1) -> 2524500 | N233: =IF(U233=1,SUMIFS($L:$L,$A:$A,$A233),"") | O233: =IF(U233=1,SUMIFS($M:$M,$A:$A,$A233),"")
A234: 260106포들 네이버 | B234: 포들 | H234: 톤결광 15매 | I234: 49 | J234: 62000 | K234: =IF(J234="","",J234*1.1) -> 68200 | L234: =IF(AND(J234<>"",I234<>""),J234*I234,"") -> 3038000 | M234: =IF(L234="","",L234*1.1) -> 3341800 | N234: =IF(U234=1,SUMIFS($L:$L,$A:$A,$A234),"") | O234: =IF(U234=1,SUMIFS($M:$M,$A:$A,$A234),"")
A235: 260106포들 네이버 | B235: 포들 | H235: 톤결광 20매 | I235: 54 | J235: 78000 | K235: =IF(J235="","",J235*1.1) -> 85800 | L235: =IF(AND(J235<>"",I235<>""),J235*I235,"") -> 4212000 | M235: =IF(L235="","",L235*1.1) -> 4633200 | N235: =IF(U235=1,SUMIFS($L:$L,$A:$A,$A235),"") | O235: =IF(U235=1,SUMIFS($M:$M,$A:$A,$A235),"")
A236: 260106포들 네이버 | B236: 포들 | H236: 톤결광 40매 | I236: 45 | J236: 150000 | K236: =IF(J236="","",J236*1.1) -> 165000 | L236: =IF(AND(J236<>"",I236<>""),J236*I236,"") -> 6750000 | M236: =IF(L236="","",L236*1.1) -> 7425000 | N236: =IF(U236=1,SUMIFS($L:$L,$A:$A,$A236),"") | O236: =IF(U236=1,SUMIFS($M:$M,$A:$A,$A236),"")
A237: 260106포들 네이버 | B237: 포들 | H237: 톤결광 60매 | I237: 35 | J237: 210000 | K237: =IF(J237="","",J237*1.1) -> 231000 | L237: =IF(AND(J237<>"",I237<>""),J237*I237,"") -> 7350000 | M237: =IF(L237="","",L237*1.1) -> 8085000 | N237: =IF(U237=1,SUMIFS($L:$L,$A:$A,$A237),"") | O237: =IF(U237=1,SUMIFS($M:$M,$A:$A,$A237),"")
A238: 260106포들 네이버 | B238: 포들 | H238: 쉴드팩 5매 | I238: 79 | J238: 24000 | K238: =IF(J238="","",J238*1.1) -> 26400 | L238: =IF(AND(J238<>"",I238<>""),J238*I238,"") -> 1896000 | M238: =IF(L238="","",L238*1.1) -> 2085600 | N238: =IF(U238=1,SUMIFS($L:$L,$A:$A,$A238),"") | O238: =IF(U238=1,SUMIFS($M:$M,$A:$A,$A238),"")
A239: 260106포들 네이버 | B239: 포들 | H239: 쉴드팩 10매 | I239: 54 | J239: 45000 | K239: =IF(J239="","",J239*1.1) -> 49500 | L239: =IF(AND(J239<>"",I239<>""),J239*I239,"") -> 2430000 | M239: =IF(L239="","",L239*1.1) -> 2673000 | N239: =IF(U239=1,SUMIFS($L:$L,$A:$A,$A239),"") | O239: =IF(U239=1,SUMIFS($M:$M,$A:$A,$A239),"")
A240: 260106포들 네이버 | B240: 포들 | H240: 쉴드팩 15매 | I240: 50 | J240: 62000 | K240: =IF(J240="","",J240*1.1) -> 68200 | L240: =IF(AND(J240<>"",I240<>""),J240*I240,"") -> 3100000 | M240: =IF(L240="","",L240*1.1) -> 3410000 | N240: =IF(U240=1,SUMIFS($L:$L,$A:$A,$A240),"") | O240: =IF(U240=1,SUMIFS($M:$M,$A:$A,$A240),"")
A241: 260106포들 네이버 | B241: 포들 | H241: 쉴드팩 20매 | I241: 52 | J241: 78000 | K241: =IF(J241="","",J241*1.1) -> 85800 | L241: =IF(AND(J241<>"",I241<>""),J241*I241,"") -> 4056000 | M241: =IF(L241="","",L241*1.1) -> 4461600 | N241: =IF(U241=1,SUMIFS($L:$L,$A:$A,$A241),"") | O241: =IF(U241=1,SUMIFS($M:$M,$A:$A,$A241),"")
A242: 260106포들 네이버 | B242: 포들 | H242: 쉴드팩 40매 | I242: 48 | J242: 150000 | K242: =IF(J242="","",J242*1.1) -> 165000 | L242: =IF(AND(J242<>"",I242<>""),J242*I242,"") -> 7200000 | M242: =IF(L242="","",L242*1.1) -> 7920000 | N242: =IF(U242=1,SUMIFS($L:$L,$A:$A,$A242),"") | O242: =IF(U242=1,SUMIFS($M:$M,$A:$A,$A242),"")
A243: 260106포들 네이버 | B243: 포들 | H243: 쉴드팩 60매 | I243: 40 | J243: 210000 | K243: =IF(J243="","",J243*1.1) -> 231000 | L243: =IF(AND(J243<>"",I243<>""),J243*I243,"") -> 8400000 | M243: =IF(L243="","",L243*1.1) -> 9240000 | N243: =IF(U243=1,SUMIFS($L:$L,$A:$A,$A243),"") | O243: =IF(U243=1,SUMIFS($M:$M,$A:$A,$A243),"")
A244: 260106포들 네이버 | B244: 포들 | H244: 수분팩 5매 | I244: 81 | J244: 24000 | K244: =IF(J244="","",J244*1.1) -> 26400 | L244: =IF(AND(J244<>"",I244<>""),J244*I244,"") -> 1944000 | M244: =IF(L244="","",L244*1.1) -> 2138400 | N244: =IF(U244=1,SUMIFS($L:$L,$A:$A,$A244),"") | O244: =IF(U244=1,SUMIFS($M:$M,$A:$A,$A244),"")
... A261: 260106포들 네이버 | B261: 포들 | H261: 팥빙수팩 60매 | I261: 35 | J261: 210000 | K261: =IF(J261="","",J261*1.1) -> 231000 | L261: =IF(AND(J261<>"",I261<>""),J261*I261,"") -> 7350000 | M261: =IF(L261="","",L261*1.1) -> 8085000 | N261: =IF(U261=1,SUMIFS($L:$L,$A:$A,$A261),"") | O261: =IF(U261=1,SUMIFS($M:$M,$A:$A,$A261),"")
A262: 260105자온담네이버 | B262: 자온담 | C262: 2500 | D262: 30 | E262: =IF(C262="","",C262*1.1) -> 2750 | F262: =IF(AND(C262<>"",D262<>""),C262*D262,"") -> 75000 | G262: =IF(F262="","",F262*1.1) -> 82500 | H262: 자온담 온찜질팩 | I262: 30 | J262: 19800 | K262: =IF(J262="","",J262*1.1) -> 21780 | L262: =IF(AND(J262<>"",I262<>""),J262*I262,"") -> 594000 | M262: =IF(L262="","",L262*1.1) -> 653400 | N262: =IF(U262=1,SUMIFS($L:$L,$A:$A,$A262),"") -> 594000 | O262: =IF(U262=1,SUMIFS($M:$M,$A:$A,$A262),"") -> 653400 | P262: 3000 | Q262: 5 | R262: =IF(P262="","",P262*1.1) -> 3300 | S262: =IF(AND(P262<>"",Q262<>""),P262*Q262,"") -> 15000 | T262: =IF(S262="","",S262*1.1) -> 16500 | U262: =IF(A262="","",IF(COUNTIF($A$3:A262,A262)=1,1,0)) -> 1
A263: 260102누카네이버 | B263: 누카 | C263: 2500 | D263: 5 | E263: =IF(C263="","",C263*1.1) -> 2750 | F263: =IF(AND(C263<>"",D263<>""),C263*D263,"") -> 12500 | G263: =IF(F263="","",F263*1.1) -> 13750 | H263: 쿠팡 누카 커스텀체어 X900 PRO | I263: 1 | J263: 299000 | K263: =IF(J263="","",J263*1.1) -> 328900 | L263: =IF(AND(J263<>"",I263<>""),J263*I263,"") -> 299000 | M263: =IF(L263="","",L263*1.1) -> 328900 | N263: =IF(U263=1,SUMIFS($L:$L,$A:$A,$A263),"") -> 1915000 | O263: =IF(U263=1,SUMIFS($M:$M,$A:$A,$A263),"") -> 2106500 | R263: =IF(P263="","",P263*1.1) | S263: =IF(AND(P263<>"",Q263<>""),P263*Q263,"") | T263: =IF(S263="","",S263*1.1) | U263: =IF(A263="","",IF(COUNTIF($A$3:A263,A263)=1,1,0)) -> 1
A264: 260102누카네이버 | B264: 누카 | E264: =IF(C264="","",C264*1.1) | F264: =IF(AND(C264<>"",D264<>""),C264*D264,"") | G264: =IF(F264="","",F264*1.1) | H264: 쿠팡 누카 커스텀체어 G900-MS 6D | I264: 1 | J264: 329000 | K264: =IF(J264="","",J264*1.1) -> 361900 | L264: =IF(AND(J264<>"",I264<>""),J264*I264,"") -> 329000 | M264: =IF(L264="","",L264*1.1) -> 361900 | N264: =IF(U264=1,SUMIFS($L:$L,$A:$A,$A264),"") | O264: =IF(U264=1,SUMIFS($M:$M,$A:$A,$A264),"") | R264: =IF(P264="","",P264*1.1) | S264: =IF(AND(P264<>"",Q264<>""),P264*Q264,"") | T264: =IF(S264="","",S264*1.1) | U264: =IF(A264="","",IF(COUNTIF($A$3:A264,A264)=1,1,0)) -> 0
A265: 260102누카네이버 | B265: 누카 | E265: =IF(C265="","",C265*1.1) | F265: =IF(AND(C265<>"",D265<>""),C265*D265,"") | G265: =IF(F265="","",F265*1.1) | H265: 네이버 누카 에르고체어 E60 | I265: 3 | J265: 429000 | K265: =IF(J265="","",J265*1.1) -> 471900 | L265: =IF(AND(J265<>"",I265<>""),J265*I265,"") -> 1287000 | M265: =IF(L265="","",L265*1.1) -> 1415700 | N265: =IF(U265=1,SUMIFS($L:$L,$A:$A,$A265),"") | O265: =IF(U265=1,SUMIFS($M:$M,$A:$A,$A265),"") | R265: =IF(P265="","",P265*1.1) | S265: =IF(AND(P265<>"",Q265<>""),P265*Q265,"") | T265: =IF(S265="","",S265*1.1) | U265: =IF(A265="","",IF(COUNTIF($A$3:A265,A265)=1,1,0)) -> 0
A266: 260102나우팜쿠팡 | B266: 나우팜 | C266: 2000 | D266: 10 | E266: =IF(C266="","",C266*1.1) -> 2200 | F266: =IF(AND(C266<>"",D266<>""),C266*D266,"") -> 20000 | G266: =IF(F266="","",F266*1.1) -> 22000 | H266: 메르필 바디여드름 | I266: 10 | J266: 14490 | K266: =IF(J266="","",J266*1.1) -> 15939 | L266: =IF(AND(J266<>"",I266<>""),J266*I266,"") -> 144900 | M266: =IF(L266="","",L266*1.1) -> 159390 | N266: =IF(U266=1,SUMIFS($L:$L,$A:$A,$A266),"") -> 144900 | O266: =IF(U266=1,SUMIFS($M:$M,$A:$A,$A266),"") -> 159390 | R266: =IF(P266="","",P266*1.1) | S266: =IF(AND(P266<>"",Q266<>""),P266*Q266,"") | T266: =IF(S266="","",S266*1.1) | U266: =IF(A266="","",IF(COUNTIF($A$3:A266,A266)=1,1,0)) -> 1
A267: 260105리온커뮤니케이션 쿠팡 | B267: 리온커뮤니케이션 | C267: 2500 | D267: 10 | E267: =IF(C267="","",C267*1.1) -> 2750 | F267: =IF(AND(C267<>"",D267<>""),C267*D267,"") -> 25000 | G267: =IF(F267="","",F267*1.1) -> 27500 | H267: 퀸하이크 메리노울 양말 | I267: 25 | J267: 29000 | K267: =IF(J267="","",J267*1.1) -> 31900 | L267: =IF(AND(J267<>"",I267<>""),J267*I267,"") -> 725000 | M267: =IF(L267="","",L267*1.1) -> 797500 | N267: =IF(U267=1,SUMIFS($L:$L,$A:$A,$A267),"") -> 725000 | O267: =IF(U267=1,SUMIFS($M:$M,$A:$A,$A267),"") -> 797500 | R267: =IF(P267="","",P267*1.1) | S267: =IF(AND(P267<>"",Q267<>""),P267*Q267,"") | T267: =IF(S267="","",S267*1.1) | U267: =IF(A267="","",IF(COUNTIF($A$3:A267,A267)=1,1,0)) -> 1
A268: 260105리온커뮤니케이션 쿠팡 | B268: 리온커뮤니케이션 | C268: 2000 | D268: 15 | E268: =IF(C268="","",C268*1.1) -> 2200 | F268: =IF(AND(C268<>"",D268<>""),C268*D268,"") -> 30000 | G268: =IF(F268="","",F268*1.1) -> 33000 | K268: =IF(J268="","",J268*1.1) | L268: =IF(AND(J268<>"",I268<>""),J268*I268,"") | M268: =IF(L268="","",L268*1.1) | N268: =IF(U268=1,SUMIFS($L:$L,$A:$A,$A268),"") | O268: =IF(U268=1,SUMIFS($M:$M,$A:$A,$A268),"") | P268: 3000 | Q268: 25 | R268: =IF(P268="","",P268*1.1) -> 3300 | S268: =IF(AND(P268<>"",Q268<>""),P268*Q268,"") -> 75000 | T268: =IF(S268="","",S268*1.1) -> 82500 | U268: =IF(A268="","",IF(COUNTIF($A$3:A268,A268)=1,1,0)) -> 0
A269: 260105나우팜쿠팡 | B269: 나우팜 | C269: 2000 | D269: 10 | E269: =IF(C269="","",C269*1.1) -> 2200 | F269: =IF(AND(C269<>"",D269<>""),C269*D269,"") -> 20000 | G269: =IF(F269="","",F269*1.1) -> 22000 | H269: 지루성두피 약상성 샴푸 | I269: 10 | J269: 14500 | K269: =IF(J269="","",J269*1.1) -> 15950 | L269: =IF(AND(J269<>"",I269<>""),J269*I269,"") -> 145000 | M269: =IF(L269="","",L269*1.1) -> 159500 | N269: =IF(U269=1,SUMIFS($L:$L,$A:$A,$A269),"") -> 145000 | O269: =IF(U269=1,SUMIFS($M:$M,$A:$A,$A269),"") -> 159500 | R269: =IF(P269="","",P269*1.1) | S269: =IF(AND(P269<>"",Q269<>""),P269*Q269,"") | T269: =IF(S269="","",S269*1.1) | U269: =IF(A269="","",IF(COUNTIF($A$3:A269,A269)=1,1,0)) -> 1
A270: 260106편한생활연구소쿠팡 | B270: 편한생활연구소 | C270: 2000 | D270: 31 | E270: =IF(C270="","",C270*1.1) -> 2200 | F270: =IF(AND(C270<>"",D270<>""),C270*D270,"") -> 62000 | G270: =IF(F270="","",F270*1.1) -> 68200 | H270: 전통 궁중 한과 설 선물세트 | I270: 31 | J270: 16900 | K270: =IF(J270="","",J270*1.1) -> 18590 | L270: =IF(AND(J270<>"",I270<>""),J270*I270,"") -> 523900 | M270: =IF(L270="","",L270*1.1) -> 576290 | N270: =IF(U270=1,SUMIFS($L:$L,$A:$A,$A270),"") -> 523900 | O270: =IF(U270=1,SUMIFS($M:$M,$A:$A,$A270),"") -> 576290 | R270: =IF(P270="","",P270*1.1) | S270: =IF(AND(P270<>"",Q270<>""),P270*Q270,"") | T270: =IF(S270="","",S270*1.1) | U270: =IF(A270="","",IF(COUNTIF($A$3:A270,A270)=1,1,0)) -> 1
A271: 260106동방생고기네이버 | B271: 동방생고기 | C271: 2500 | D271: 45 | E271: =IF(C271="","",C271*1.1) -> 2750 | F271: =IF(AND(C271<>"",D271<>""),C271*D271,"") -> 112500 | G271: =IF(F271="","",F271*1.1) -> 123750 | H271: 네이버 청주 간장 불고기 | I271: 15 | J271: 4900 | K271: =IF(J271="","",J271*1.1) -> 5390 | L271: =IF(AND(J271<>"",I271<>""),J271*I271,"") -> 73500 | M271: =IF(L271="","",L271*1.1) -> 80850 | N271: =IF(U271=1,SUMIFS($L:$L,$A:$A,$A271),"") -> 220500 | O271: =IF(U271=1,SUMIFS($M:$M,$A:$A,$A271),"") -> 242550 | R271: =IF(P271="","",P271*1.1) | S271: =IF(AND(P271<>"",Q271<>""),P271*Q271,"") | T271: =IF(S271="","",S271*1.1) | U271: =IF(A271="","",IF(COUNTIF($A$3:A271,A271)=1,1,0)) -> 1
A272: 260106동방생고기네이버 | B272: 동방생고기 | E272: =IF(C272="","",C272*1.1) | F272: =IF(AND(C272<>"",D272<>""),C272*D272,"") | G272: =IF(F272="","",F272*1.1) | H272: 네이버 춘천 닭갈비 | I272: 15 | J272: 4900 | K272: =IF(J272="","",J272*1.1) -> 5390 | L272: =IF(AND(J272<>"",I272<>""),J272*I272,"") -> 73500 | M272: =IF(L272="","",L272*1.1) -> 80850 | N272: =IF(U272=1,SUMIFS($L:$L,$A:$A,$A272),"") | O272: =IF(U272=1,SUMIFS($M:$M,$A:$A,$A272),"") | R272: =IF(P272="","",P272*1.1) | S272: =IF(AND(P272<>"",Q272<>""),P272*Q272,"") | T272: =IF(S272="","",S272*1.1) | U272: =IF(A272="","",IF(COUNTIF($A$3:A272,A272)=1,1,0)) -> 0
A273: 260106동방생고기네이버 | B273: 동방생고기 | E273: =IF(C273="","",C273*1.1) | F273: =IF(AND(C273<>"",D273<>""),C273*D273,"") | G273: =IF(F273="","",F273*1.1) | H273: 네이버 옛날 두루치기 | I273: 15 | J273: 4900 | K273: =IF(J273="","",J273*1.1) -> 5390 | L273: =IF(AND(J273<>"",I273<>""),J273*I273,"") -> 73500 | M273: =IF(L273="","",L273*1.1) -> 80850 | N273: =IF(U273=1,SUMIFS($L:$L,$A:$A,$A273),"") | O273: =IF(U273=1,SUMIFS($M:$M,$A:$A,$A273),"") | R273: =IF(P273="","",P273*1.1) | S273: =IF(AND(P273<>"",Q273<>""),P273*Q273,"") | T273: =IF(S273="","",S273*1.1) | U273: =IF(A273="","",IF(COUNTIF($A$3:A273,A273)=1,1,0)) -> 0
A274: 260106닥터포헤어쿠팡 | B274: 닥터포헤어 | C274: 2000 | D274: 70 | E274: =IF(C274="","",C274*1.1) -> 2200 | F274: =IF(AND(C274<>"",D274<>""),C274*D274,"") -> 140000 | G274: =IF(F274="","",F274*1.1) -> 154000 | H274: 씨크닝 헤어세럼 | I274: 50 | J274: 30600 | K274: =IF(J274="","",J274*1.1) -> 33660 | L274: =IF(AND(J274<>"",I274<>""),J274*I274,"") -> 1530000 | M274: =IF(L274="","",L274*1.1) -> 1683000 | N274: =IF(U274=1,SUMIFS($L:$L,$A:$A,$A274),"") -> 1801800 | O274: =IF(U274=1,SUMIFS($M:$M,$A:$A,$A274),"") -> 1981980 | R274: =IF(P274="","",P274*1.1) | S274: =IF(AND(P274<>"",Q274<>""),P274*Q274,"") | T274: =IF(S274="","",S274*1.1) | U274: =IF(A274="","",IF(COUNTIF($A$3:A274,A274)=1,1,0)) -> 1
A275: 260106닥터포헤어쿠팡 | B275: 닥터포헤어 | E275: =IF(C275="","",C275*1.1) | F275: =IF(AND(C275<>"",D275<>""),C275*D275,"") | G275: =IF(F275="","",F275*1.1) | H275: 폴리젠 플러스 샴푸 | I275: 20 | J275: 13590 | K275: =IF(J275="","",J275*1.1) -> 14949 | L275: =IF(AND(J275<>"",I275<>""),J275*I275,"") -> 271800 | M275: =IF(L275="","",L275*1.1) -> 298980 | N275: =IF(U275=1,SUMIFS($L:$L,$A:$A,$A275),"") | O275: =IF(U275=1,SUMIFS($M:$M,$A:$A,$A275),"") | R275: =IF(P275="","",P275*1.1) | S275: =IF(AND(P275<>"",Q275<>""),P275*Q275,"") | T275: =IF(S275="","",S275*1.1) | U275: =IF(A275="","",IF(COUNTIF($A$3:A275,A275)=1,1,0)) -> 0
A276: 260107나우팜쿠팡 | B276: 나우팜 | C276: 2000 | D276: 10 | E276: =IF(C276="","",C276*1.1) -> 2200 | F276: =IF(AND(C276<>"",D276<>""),C276*D276,"") -> 20000 | G276: =IF(F276="","",F276*1.1) -> 22000 | H276: 메르필 바디여드름 | I276: 10 | J276: 14490 | K276: =IF(J276="","",J276*1.1) -> 15939 | L276: =IF(AND(J276<>"",I276<>""),J276*I276,"") -> 144900 | M276: =IF(L276="","",L276*1.1) -> 159390 | N276: =IF(U276=1,SUMIFS($L:$L,$A:$A,$A276),"") -> 144900 | O276: =IF(U276=1,SUMIFS($M:$M,$A:$A,$A276),"") -> 159390 | R276: =IF(P276="","",P276*1.1) | S276: =IF(AND(P276<>"",Q276<>""),P276*Q276,"") | T276: =IF(S276="","",S276*1.1) | U276: =IF(A276="","",IF(COUNTIF($A$3:A276,A276)=1,1,0)) -> 1
A277: 260105매들리 | B277: 매들리 | C277: 2500 | D277: 30 | E277: =IF(C277="","",C277*1.1) -> 2750 | F277: =IF(AND(C277<>"",D277<>""),C277*D277,"") -> 75000 | G277: =IF(F277="","",F277*1.1) -> 82500 | H277: 제품모름 | I277: 30 | J277: 5800 | K277: =IF(J277="","",J277*1.1) -> 6380 | L277: =IF(AND(J277<>"",I277<>""),J277*I277,"") -> 174000 | M277: =IF(L277="","",L277*1.1) -> 191400 | N277: =IF(U277=1,SUMIFS($L:$L,$A:$A,$A277),"") -> 174000 | O277: =IF(U277=1,SUMIFS($M:$M,$A:$A,$A277),"") -> 191400 | R277: =IF(P277="","",P277*1.1) | S277: =IF(AND(P277<>"",Q277<>""),P277*Q277,"") | T277: =IF(S277="","",S277*1.1) | U277: =IF(A277="","",IF(COUNTIF($A$3:A277,A277)=1,1,0)) -> 1
A278: 260108제이시글로벌 | B278: 제이시글로벌 | C278: 1500 | D278: 216 | E278: =IF(C278="","",C278*1.1) -> 1650 | F278: =IF(AND(C278<>"",D278<>""),C278*D278,"") -> 324000 | G278: =IF(F278="","",F278*1.1) -> 356400 | H278: 제품모름금액다름 | I278: 1 | J278: 2117520 | K278: =IF(J278="","",J278*1.1) -> 2329272 | L278: =IF(AND(J278<>"",I278<>""),J278*I278,"") -> 2117520 | M278: =IF(L278="","",L278*1.1) -> 2329272 | N278: =IF(U278=1,SUMIFS($L:$L,$A:$A,$A278),"") -> 2117520 | O278: =IF(U278=1,SUMIFS($M:$M,$A:$A,$A278),"") -> 2329272 | R278: =IF(P278="","",P278*1.1) | S278: =IF(AND(P278<>"",Q278<>""),P278*Q278,"") | T278: =IF(S278="","",S278*1.1) | U278: =IF(A278="","",IF(COUNTIF($A$3:A278,A278)=1,1,0)) -> 1
A279: 260106비바넥사 | B279: 비바넥사 | C279: 2500 | D279: 40 | E279: =IF(C279="","",C279*1.1) -> 2750 | F279: =IF(AND(C279<>"",D279<>""),C279*D279,"") -> 100000 | G279: =IF(F279="","",F279*1.1) -> 110000 | H279: 제품모름 | I279: 40 | J279: 29566 | K279: =IF(J279="","",J279*1.1) -> 32522.6 | L279: =IF(AND(J279<>"",I279<>""),J279*I279,"") -> 1182640 | M279: =IF(L279="","",L279*1.1) -> 1300904 | N279: =IF(U279=1,SUMIFS($L:$L,$A:$A,$A279),"") -> 1182640 | O279: =IF(U279=1,SUMIFS($M:$M,$A:$A,$A279),"") -> 1300904 | R279: =IF(P279="","",P279*1.1) | S279: =IF(AND(P279<>"",Q279<>""),P279*Q279,"") | T279: =IF(S279="","",S279*1.1) | U279: =IF(A279="","",IF(COUNTIF($A$3:A279,A279)=1,1,0)) -> 1
A280: 260106원더라이프 | B280: 원더라이프 | C280: 2000 | D280: 20 | E280: =IF(C280="","",C280*1.1) -> 2200 | F280: =IF(AND(C280<>"",D280<>""),C280*D280,"") -> 40000 | G280: =IF(F280="","",F280*1.1) -> 44000 | H280: 제품ㅁ모름 | I280: 20 | J280: 17900 | K280: =IF(J280="","",J280*1.1) -> 19690 | L280: =IF(AND(J280<>"",I280<>""),J280*I280,"") -> 358000 | M280: =IF(L280="","",L280*1.1) -> 393800 | N280: =IF(U280=1,SUMIFS($L:$L,$A:$A,$A280),"") -> 358000 | O280: =IF(U280=1,SUMIFS($M:$M,$A:$A,$A280),"") -> 393800 | R280: =IF(P280="","",P280*1.1) | S280: =IF(AND(P280<>"",Q280<>""),P280*Q280,"") | T280: =IF(S280="","",S280*1.1) | U280: =IF(A280="","",IF(COUNTIF($A$3:A280,A280)=1,1,0)) -> 1
...

Sheet 지출
A1: 진행비(실비) = 리뷰 및 진행자 비용 합으로 작성
A2: 정산ID | B2: 업체명 | C2: 진행비(실비) | D2: 진행비 수량 | E2: 진행비 총 지출 | F2: 제품명 | G2: 제품 수량 | H2: 제품비(실비) | I2: 제품별 지출액 | J2: 제품비 총 지출액 | K2: 택배대행(실비)+vat(고정) | L2: 택배 수량 | M2: 택배대행 총 지출 | N2: 총 지출 액 | O2: 첫행(숨김)
A3: =매출!A3 -> 260106조이쿠팡 | B3: =매출!B3 -> 조이 | C3: 1000 | D3: =매출!D3 -> 5 | E3: =IF(AND(C3<>"",D3<>""),C3*D3,"") -> 5000 | F3: =매출!H3 -> 제품명모름 | G3: =매출!I3 -> 5 | H3: =매출!J3 -> 19840 | I3: =매출!L3 -> 99200 | J3: =IF(O3=1,SUMIFS($I:$I,$A:$A,$A3),"") -> 99200 | K3: =IF(O3=1,총정리!$B$19,"") -> 2750 | L3: =IF(O3=1,매출!Q3,"") -> 0 | M3: =IF(AND(K3<>"",L3<>""),K3*L3,"") -> 0 | N3: =IF(O3=1,E3+J3+M3,"") -> 104200 | O3: =매출!U3 -> 1
A4: =매출!A4 -> 260106넬리브쿠팡 | B4: =매출!B4 -> 넬리브 | C4: 3000 | D4: =매출!D4 -> 10 | E4: =IF(AND(C4<>"",D4<>""),C4*D4,"") -> 30000 | F4: =매출!H4 -> 제품명모름 | G4: =매출!I4 -> 10 | H4: =매출!J4 -> 35000 | I4: =매출!L4 -> 350000 | J4: =IF(O4=1,SUMIFS($I:$I,$A:$A,$A4),"") -> 350000 | K4: =IF(O4=1,총정리!$B$19,"") -> 2750 | L4: =IF(O4=1,매출!Q4,"") -> 0 | M4: =IF(AND(K4<>"",L4<>""),K4*L4,"") -> 0 | N4: =IF(O4=1,E4+J4+M4,"") -> 380000 | O4: =매출!U4 -> 1 | Q4: 황인호 빈박500원
A5: =매출!A5 -> 260106블풍쿠팡 | B5: =매출!B5 -> 블라우풍트 | C5: 1000 | D5: =매출!D5 -> 30 | E5: =IF(AND(C5<>"",D5<>""),C5*D5,"") -> 30000 | F5: =매출!H5 -> BLP-HMD5000W | G5: =매출!I5 -> 30 | H5: =매출!J5 -> 28900 | I5: =매출!L5 -> 867000 | J5: =IF(O5=1,SUMIFS($I:$I,$A:$A,$A5),"") -> 867000 | K5: =IF(O5=1,총정리!$B$19,"") -> 2750 | L5: =IF(O5=1,매출!Q5,"") -> 0 | M5: =IF(AND(K5<>"",L5<>""),K5*L5,"") -> 0 | N5: =IF(O5=1,E5+J5+M5,"") -> 897000 | O5: =매출!U5 -> 1
A6: =매출!A6 -> 260106블풍2쿠팡 | B6: =매출!B6 -> 블라우풍트 | C6: 1000 | D6: =매출!D6 -> 50 | E6: =IF(AND(C6<>"",D6<>""),C6*D6,"") -> 50000 | F6: =매출!H6 -> BLP-ES802S | G6: =매출!I6 -> 50 | H6: =매출!J6 -> 49800 | I6: =매출!L6 -> 2490000 | J6: =IF(O6=1,SUMIFS($I:$I,$A:$A,$A6),"") -> 2490000 | K6: =IF(O6=1,총정리!$B$19,"") -> 2750 | L6: =IF(O6=1,매출!Q6,"") -> 0 | M6: =IF(AND(K6<>"",L6<>""),K6*L6,"") -> 0 | N6: =IF(O6=1,E6+J6+M6,"") -> 2540000 | O6: =매출!U6 -> 1
A7: =매출!A7 -> 260106포뷰트올영 | B7: =매출!B7 -> 포뷰트 | C7: 950 | D7: =매출!D7 -> 100 | E7: =IF(AND(C7<>"",D7<>""),C7*D7,"") -> 95000 | F7: =매출!H7 -> 두피앰플 | G7: =매출!I7 -> 100 | H7: =매출!J7 -> 21800 | I7: =매출!L7 -> 2180000 | J7: =IF(O7=1,SUMIFS($I:$I,$A:$A,$A7),"") -> 2180000 | K7: =IF(O7=1,총정리!$B$19,"") -> 2750 | L7: =IF(O7=1,매출!Q7,"") -> 0 | M7: =IF(AND(K7<>"",L7<>""),K7*L7,"") -> 0 | N7: =IF(O7=1,E7+J7+M7,"") -> 2275000 | O7: =매출!U7 -> 1
A8: =매출!A8 -> 260106더포레쿠팡 | B8: =매출!B8 -> 더포레 | C8: 3000 | D8: =매출!D8 -> 80 | E8: =IF(AND(C8<>"",D8<>""),C8*D8,"") -> 240000 | F8: =매출!H8 -> 깍두기 | G8: =매출!I8 -> 30 | H8: =매출!J8 -> 8700 | I8: =매출!L8 -> 261000 | J8: =IF(O8=1,SUMIFS($I:$I,$A:$A,$A8),"") -> 826000 | K8: =IF(O8=1,총정리!$B$19,"") -> 2750 | L8: =IF(O8=1,매출!Q8,"") -> 0 | M8: =IF(AND(K8<>"",L8<>""),K8*L8,"") -> 0 | N8: =IF(O8=1,E8+J8+M8,"") -> 1066000 | O8: =매출!U8 -> 1
A9: =매출!A9 -> 260106더포레쿠팡 | B9: =매출!B9 -> 더포레 | D9: =매출!D9 -> 0 | E9: =IF(AND(C9<>"",D9<>""),C9*D9,"") | F9: =매출!H9 -> 멸치 | G9: =매출!I9 -> 30 | H9: =매출!J9 -> 9300 | I9: =매출!L9 -> 279000 | J9: =IF(O9=1,SUMIFS($I:$I,$A:$A,$A9),"") | K9: =IF(O9=1,총정리!$B$19,"") | L9: =IF(O9=1,매출!Q9,"") | M9: =IF(AND(K9<>"",L9<>""),K9*L9,"") | N9: =IF(O9=1,E9+J9+M9,"") | O9: =매출!U9 -> 0
A10: =매출!A10 -> 260106더포레쿠팡 | B10: =매출!B10 -> 더포레 | D10: =매출!D10 -> 0 | E10: =IF(AND(C10<>"",D10<>""),C10*D10,"") | F10: =매출!H10 -> 오이소박이 | G10: =매출!I10 -> 20 | H10: =매출!J10 -> 14300 | I10: =매출!L10 -> 286000 | J10: =IF(O10=1,SUMIFS($I:$I,$A:$A,$A10),"") | K10: =IF(O10=1,총정리!$B$19,"") | L10: =IF(O10=1,매출!Q10,"") | M10: =IF(AND(K10<>"",L10<>""),K10*L10,"") | N10: =IF(O10=1,E10+J10+M10,"") | O10: =매출!U10 -> 0
A11: =매출!A11 -> 260105케이에스쿠팡 | B11: =매출!B11 -> 케이에스 | C11: 3000 | D11: =매출!D11 -> 100 | E11: =IF(AND(C11<>"",D11<>""),C11*D11,"") -> 300000 | F11: =매출!H11 -> 베르베린 | G11: =매출!I11 -> 100 | H11: =매출!J11 -> 19500 | I11: =매출!L11 -> 1950000 | J11: =IF(O11=1,SUMIFS($I:$I,$A:$A,$A11),"") -> 1950000 | K11: =IF(O11=1,총정리!$B$19,"") -> 2750 | L11: =IF(O11=1,매출!Q11,"") -> 0 | M11: =IF(AND(K11<>"",L11<>""),K11*L11,"") -> 0 | N11: =IF(O11=1,E11+J11+M11,"") -> 2250000 | O11: =매출!U11 -> 1
A12: =매출!A12 -> 260105케이에스2쿠팡 | B12: =매출!B12 -> 케이에스 | C12: 3000 | D12: =매출!D12 -> 100 | E12: =IF(AND(C12<>"",D12<>""),C12*D12,"") -> 300000 | F12: =매출!H12 -> 위고핏 | G12: =매출!I12 -> 100 | H12: =매출!J12 -> 26500 | I12: =매출!L12 -> 2650000 | J12: =IF(O12=1,SUMIFS($I:$I,$A:$A,$A12),"") -> 2650000 | K12: =IF(O12=1,총정리!$B$19,"") -> 2750 | L12: =IF(O12=1,매출!Q12,"") -> 0 | M12: =IF(AND(K12<>"",L12<>""),K12*L12,"") -> 0 | N12: =IF(O12=1,E12+J12+M12,"") -> 2950000 | O12: =매출!U12 -> 1
A13: =매출!A13 -> 260106와이에이쿠팡 | B13: =매출!B13 -> 와이에이 | C13: 3000 | D13: =매출!D13 -> 60 | E13: =IF(AND(C13<>"",D13<>""),C13*D13,"") -> 180000 | F13: =매출!H13 -> 제품명모름 | G13: =매출!I13 -> 60 | H13: =매출!J13 -> 15900 | I13: =매출!L13 -> 954000 | J13: =IF(O13=1,SUMIFS($I:$I,$A:$A,$A13),"") -> 954000 | K13: =IF(O13=1,총정리!$B$19,"") -> 2750 | L13: =IF(O13=1,매출!Q13,"") -> 0 | M13: =IF(AND(K13<>"",L13<>""),K13*L13,"") -> 0 | N13: =IF(O13=1,E13+J13+M13,"") -> 1134000 | O13: =매출!U13 -> 1
A14: =매출!A14 -> 260105미올로쿠팡 | B14: =매출!B14 -> 미올로 | C14: 3000 | D14: =매출!D14 -> 100 | E14: =IF(AND(C14<>"",D14<>""),C14*D14,"") -> 300000 | F14: =매출!H14 -> W7 | G14: =매출!I14 -> 100 | H14: =매출!J14 -> 9900 | I14: =매출!L14 -> 990000 | J14: =IF(O14=1,SUMIFS($I:$I,$A:$A,$A14),"") -> 990000 | K14: =IF(O14=1,총정리!$B$19,"") -> 2750 | L14: =IF(O14=1,매출!Q14,"") -> 0 | M14: =IF(AND(K14<>"",L14<>""),K14*L14,"") -> 0 | N14: =IF(O14=1,E14+J14+M14,"") -> 1290000 | O14: =매출!U14 -> 1
A15: =매출!A15 -> 260105미올로2쿠팡 | B15: =매출!B15 -> 미올로 | C15: 3000 | D15: =매출!D15 -> 100 | E15: =IF(AND(C15<>"",D15<>""),C15*D15,"") -> 300000 | F15: =매출!H15 -> B7 | G15: =매출!I15 -> 100 | H15: =매출!J15 -> 9900 | I15: =매출!L15 -> 990000 | J15: =IF(O15=1,SUMIFS($I:$I,$A:$A,$A15),"") -> 990000 | K15: =IF(O15=1,총정리!$B$19,"") -> 2750 | L15: =IF(O15=1,매출!Q15,"") -> 0 | M15: =IF(AND(K15<>"",L15<>""),K15*L15,"") -> 0 | N15: =IF(O15=1,E15+J15+M15,"") -> 1290000 | O15: =매출!U15 -> 1
A16: =매출!A16 -> 260106꿈꾸던쿠팡 | B16: =매출!B16 -> 꿈꾸던 | C16: 3000 | D16: =매출!D16 -> 10 | E16: =IF(AND(C16<>"",D16<>""),C16*D16,"") -> 30000 | F16: =매출!H16 -> 제품명모름 | G16: =매출!I16 -> 10 | H16: =매출!J16 -> 8700 | I16: =매출!L16 -> 87000 | J16: =IF(O16=1,SUMIFS($I:$I,$A:$A,$A16),"") -> 87000 | K16: =IF(O16=1,총정리!$B$19,"") -> 2750 | L16: =IF(O16=1,매출!Q16,"") -> 0 | M16: =IF(AND(K16<>"",L16<>""),K16*L16,"") -> 0 | N16: =IF(O16=1,E16+J16+M16,"") -> 117000 | O16: =매출!U16 -> 1
A17: =매출!A17 -> 260106닥터메타쿠팡 | B17: =매출!B17 -> 닥터메타 | C17: 3000 | D17: =매출!D17 -> 20 | E17: =IF(AND(C17<>"",D17<>""),C17*D17,"") -> 60000 | F17: =매출!H17 -> 제품명모름 | G17: =매출!I17 -> 10 | H17: =매출!J17 -> 38000 | I17: =매출!L17 -> 380000 | J17: =IF(O17=1,SUMIFS($I:$I,$A:$A,$A17),"") -> 700000 | K17: =IF(O17=1,총정리!$B$19,"") -> 2750 | L17: =IF(O17=1,매출!Q17,"") -> 0 | M17: =IF(AND(K17<>"",L17<>""),K17*L17,"") -> 0 | N17: =IF(O17=1,E17+J17+M17,"") -> 760000 | O17: =매출!U17 -> 1
A18: =매출!A18 -> 260106닥터메타쿠팡 | B18: =매출!B18 -> 0 | D18: =매출!D18 -> 0 | E18: =IF(AND(C18<>"",D18<>""),C18*D18,"") | F18: =매출!H18 -> 제품명모름 | G18: =매출!I18 -> 5 | H18: =매출!J18 -> 35000 | I18: =매출!L18 -> 175000 | J18: =IF(O18=1,SUMIFS($I:$I,$A:$A,$A18),"") | K18: =IF(O18=1,총정리!$B$19,"") | L18: =IF(O18=1,매출!Q18,"") | M18: =IF(AND(K18<>"",L18<>""),K18*L18,"") | N18: =IF(O18=1,E18+J18+M18,"") | O18: =매출!U18 -> 0
A19: =매출!A19 -> 260106닥터메타쿠팡 | B19: =매출!B19 -> 0 | D19: =매출!D19 -> 0 | E19: =IF(AND(C19<>"",D19<>""),C19*D19,"") | F19: =매출!H19 -> 제품명모름 | G19: =매출!I19 -> 5 | H19: =매출!J19 -> 29000 | I19: =매출!L19 -> 145000 | J19: =IF(O19=1,SUMIFS($I:$I,$A:$A,$A19),"") | K19: =IF(O19=1,총정리!$B$19,"") | L19: =IF(O19=1,매출!Q19,"") | M19: =IF(AND(K19<>"",L19<>""),K19*L19,"") | N19: =IF(O19=1,E19+J19+M19,"") | O19: =매출!U19 -> 0
A20: =매출!A20 -> 260106오브제 | B20: =매출!B20 -> 오브제 | C20: 500 | D20: =매출!D20 -> 855 | E20: =IF(AND(C20<>"",D20<>""),C20*D20,"") -> 427500 | F20: =매출!H20 -> 12/31 오브제 포어 제로 오일 컨트롤 선크림 SPF50+ PA++++, 50ml, 1개 | G20: =매출!I20 -> 10 | H20: =매출!J20 -> 17900 | I20: =매출!L20 -> 179000 | J20: =IF(O20=1,SUMIFS($I:$I,$A:$A,$A20),"") -> 19068000 | K20: =IF(O20=1,총정리!$B$19,"") -> 2750 | L20: =IF(O20=1,매출!Q20,"") -> 0 | M20: =IF(AND(K20<>"",L20<>""),K20*L20,"") -> 0 | N20: =IF(O20=1,E20+J20+M20,"") -> 19495500 | O20: =매출!U20 -> 1
A21: =매출!A21 -> 260106오브제 | B21: =매출!B21 -> 오브제 | D21: =매출!D21 -> 0 | E21: =IF(AND(C21<>"",D21<>""),C21*D21,"") | F21: =매출!H21 -> 12/31 오브제 올인원 쿨 픽싱 미스트, 1개, 100ml | G21: =매출!I21 -> 5 | H21: =매출!J21 -> 15790 | I21: =매출!L21 -> 78950 | J21: =IF(O21=1,SUMIFS($I:$I,$A:$A,$A21),"") | K21: =IF(O21=1,총정리!$B$19,"") | L21: =IF(O21=1,매출!Q21,"") | M21: =IF(AND(K21<>"",L21<>""),K21*L21,"") | N21: =IF(O21=1,E21+J21+M21,"") | O21: =매출!U21 -> 0
A22: =매출!A22 -> 260106오브제 | B22: =매출!B22 -> 오브제 | D22: =매출!D22 -> 0 | E22: =IF(AND(C22<>"",D22<>""),C22*D22,"") | F22: =매출!H22 -> 12/31 오브제 올인원 더블 에센스 100ml | G22: =매출!I22 -> 5 | H22: =매출!J22 -> 25300 | I22: =매출!L22 -> 126500 | J22: =IF(O22=1,SUMIFS($I:$I,$A:$A,$A22),"") | K22: =IF(O22=1,총정리!$B$19,"") | L22: =IF(O22=1,매출!Q22,"") | M22: =IF(AND(K22<>"",L22<>""),K22*L22,"") | N22: =IF(O22=1,E22+J22+M22,"") | O22: =매출!U22 -> 0
A23: =매출!A23 -> 260106오브제 | B23: =매출!B23 -> 오브제 | D23: =매출!D23 -> 0 | E23: =IF(AND(C23<>"",D23<>""),C23*D23,"") | F23: =매출!H23 -> 12/31 오브제 오일 컨트롤 피니셔 5g 기름종이 팩트 파우더 | G23: =매출!I23 -> 10 | H23: =매출!J23 -> 16400 | I23: =매출!L23 -> 164000 | J23: =IF(O23=1,SUMIFS($I:$I,$A:$A,$A23),"") | K23: =IF(O23=1,총정리!$B$19,"") | L23: =IF(O23=1,매출!Q23,"") | M23: =IF(AND(K23<>"",L23<>""),K23*L23,"") | N23: =IF(O23=1,E23+J23+M23,"") | O23: =매출!U23 -> 0
A24: =매출!A24 -> 260106오브제 | B24: =매출!B24 -> 오브제 | D24: =매출!D24 -> 0 | E24: =IF(AND(C24<>"",D24<>""),C24*D24,"") | F24: =매출!H24 -> 12/31 오브제 씬 스틸 컨실러 5g | G24: =매출!I24 -> 3 | H24: =매출!J24 -> 14900 | I24: =매출!L24 -> 44700 | J24: =IF(O24=1,SUMIFS($I:$I,$A:$A,$A24),"") | K24: =IF(O24=1,총정리!$B$19,"") | L24: =IF(O24=1,매출!Q24,"") | M24: =IF(AND(K24<>"",L24<>""),K24*L24,"") | N24: =IF(O24=1,E24+J24+M24,"") | O24: =매출!U24 -> 0
A25: =매출!A25 -> 260106오브제 | B25: =매출!B25 -> 오브제 | D25: =매출!D25 -> 0 | E25: =IF(AND(C25<>"",D25<>""),C25*D25,"") | F25: =매출!H25 -> 12/31 오브제 씬 스틸 컨실러 5g | G25: =매출!I25 -> 5 | H25: =매출!J25 -> 14900 | I25: =매출!L25 -> 74500 | J25: =IF(O25=1,SUMIFS($I:$I,$A:$A,$A25),"") | K25: =IF(O25=1,총정리!$B$19,"") | L25: =IF(O25=1,매출!Q25,"") | M25: =IF(AND(K25<>"",L25<>""),K25*L25,"") | N25: =IF(O25=1,E25+J25+M25,"") | O25: =매출!U25 -> 0
A26: =매출!A26 -> 260106오브제 | B26: =매출!B26 -> 오브제 | D26: =매출!D26 -> 0 | E26: =IF(AND(C26<>"",D26<>""),C26*D26,"") | F26: =매출!H26 -> 12/31 오브제 무드 체인지 립밤, 웜 오렌지, 1개 | G26: =매출!I26 -> 15 | H26: =매출!J26 -> 11500 | I26: =매출!L26 -> 172500 | J26: =IF(O26=1,SUMIFS($I:$I,$A:$A,$A26),"") | K26: =IF(O26=1,총정리!$B$19,"") | L26: =IF(O26=1,매출!Q26,"") | M26: =IF(AND(K26<>"",L26<>""),K26*L26,"") | N26: =IF(O26=1,E26+J26+M26,"") | O26: =매출!U26 -> 0
A27: =매출!A27 -> 260106오브제 | B27: =매출!B27 -> 오브제 | D27: =매출!D27 -> 0 | E27: =IF(AND(C27<>"",D27<>""),C27*D27,"") | F27: =매출!H27 -> 12/29 오브제 포어 제로 필링 토너 310ml + 오일 컨트롤 로션 70ml + 클레이팩 100ml 기초 3종 세트 | G27: =매출!I27 -> 15 | H27: =매출!J27 -> 49900 | I27: =매출!L27 -> 748500 | J27: =IF(O27=1,SUMIFS($I:$I,$A:$A,$A27),"") | K27: =IF(O27=1,총정리!$B$19,"") | L27: =IF(O27=1,매출!Q27,"") | M27: =IF(AND(K27<>"",L27<>""),K27*L27,"") | N27: =IF(O27=1,E27+J27+M27,"") | O27: =매출!U27 -> 0
A28: =매출!A28 -> 260106오브제 | B28: =매출!B28 -> 오브제 | D28: =매출!D28 -> 0 | E28: =IF(AND(C28<>"",D28<>""),C28*D28,"") | F28: =매출!H28 -> 12/27 오브제 무드 체인지 립밤 (3종 택1) | G28: =매출!I28 -> 18 | H28: =매출!J28 -> 11500 | I28: =매출!L28 -> 207000 | J28: =IF(O28=1,SUMIFS($I:$I,$A:$A,$A28),"") | K28: =IF(O28=1,총정리!$B$19,"") | L28: =IF(O28=1,매출!Q28,"") | M28: =IF(AND(K28<>"",L28<>""),K28*L28,"") | N28: =IF(O28=1,E28+J28+M28,"") | O28: =매출!U28 -> 0
A29: =매출!A29 -> 260106오브제 | B29: =매출!B29 -> 오브제 | D29: =매출!D29 -> 0 | E29: =IF(AND(C29<>"",D29<>""),C29*D29,"") | F29: =매출!H29 -> 12/25 오브제 모이스처 프로틴 장벽 크림, 70ml, 2개 | G29: =매출!I29 -> 5 | H29: =매출!J29 -> 35800 | I29: =매출!L29 -> 179000 | J29: =IF(O29=1,SUMIFS($I:$I,$A:$A,$A29),"") | K29: =IF(O29=1,총정리!$B$19,"") | L29: =IF(O29=1,매출!Q29,"") | M29: =IF(AND(K29<>"",L29<>""),K29*L29,"") | N29: =IF(O29=1,E29+J29+M29,"") | O29: =매출!U29 -> 0
A30: =매출!A30 -> 260106오브제 | B30: =매출!B30 -> 오브제 | D30: =매출!D30 -> 0 | E30: =IF(AND(C30<>"",D30<>""),C30*D30,"") | F30: =매출!H30 -> 12/24 오브제 포어 제로 무스 클레이 팩 100ml | G30: =매출!I30 -> 15 | H30: =매출!J30 -> 21400 | I30: =매출!L30 -> 321000 | J30: =IF(O30=1,SUMIFS($I:$I,$A:$A,$A30),"") | K30: =IF(O30=1,총정리!$B$19,"") | L30: =IF(O30=1,매출!Q30,"") | M30: =IF(AND(K30<>"",L30<>""),K30*L30,"") | N30: =IF(O30=1,E30+J30+M30,"") | O30: =매출!U30 -> 0
A31: =매출!A31 -> 260106오브제 | B31: =매출!B31 -> 오브제 | D31: =매출!D31 -> 0 | E31: =IF(AND(C31<>"",D31<>""),C31*D31,"") | F31: =매출!H31 -> 12/24 오브제 오브제 맥스 워터풀 선크림 대용량 저자극 피부진정 올인원 SPF50+ PA++++, 1개, 300ml | G31: =매출!I31 -> 5 | H31: =매출!J31 -> 24900 | I31: =매출!L31 -> 124500 | J31: =IF(O31=1,SUMIFS($I:$I,$A:$A,$A31),"") | K31: =IF(O31=1,총정리!$B$19,"") | L31: =IF(O31=1,매출!Q31,"") | M31: =IF(AND(K31<>"",L31<>""),K31*L31,"") | N31: =IF(O31=1,E31+J31+M31,"") | O31: =매출!U31 -> 0
A32: =매출!A32 -> 260106오브제 | B32: =매출!B32 -> 오브제 | D32: =매출!D32 -> 0 | E32: =IF(AND(C32<>"",D32<>""),C32*D32,"") | F32: =매출!H32 -> 12/24 오브제 오브제 맥스 올인원 워시 남성용 페이스 바디 클렌저 샴푸, 1개, 500ml | G32: =매출!I32 -> 6 | H32: =매출!J32 -> 18900 | I32: =매출!L32 -> 113400 | J32: =IF(O32=1,SUMIFS($I:$I,$A:$A,$A32),"") | K32: =IF(O32=1,총정리!$B$19,"") | L32: =IF(O32=1,매출!Q32,"") | M32: =IF(AND(K32<>"",L32<>""),K32*L32,"") | N32: =IF(O32=1,E32+J32+M32,"") | O32: =매출!U32 -> 0
... A62: =매출!A62 -> 260106오브제 | B62: =매출!B62 -> 오브제 | D62: =매출!D62 -> 0 | E62: =IF(AND(C62<>"",D62<>""),C62*D62,"") | F62: =매출!H62 -> 1/1 오브제 내추럴 올인원 커버 로션 50g, 1개 | G62: =매출!I62 -> 30 | H62: =매출!J62 -> 25250 | I62: =매출!L62 -> 757500 | J62: =IF(O62=1,SUMIFS($I:$I,$A:$A,$A62),"") | K62: =IF(O62=1,총정리!$B$19,"") | L62: =IF(O62=1,매출!Q62,"") | M62: =IF(AND(K62<>"",L62<>""),K62*L62,"") | N62: =IF(O62=1,E62+J62+M62,"") | O62: =매출!U62 -> 0
A63: =매출!A63 -> 260106푸드올로지 | B63: =매출!B63 -> 푸드올로지 | C63: 500 | D63: =매출!D63 -> 1089 | E63: =IF(AND(C63<>"",D63<>""),C63*D63,"") -> 544500 | F63: =매출!H63 -> 12/31 푸드올로지 톡스올로지 클렌즈 비움, 450ml, 1개 | G63: =매출!I63 -> 3 | H63: =매출!J63 -> 28800 | I63: =매출!L63 -> 86400 | J63: =IF(O63=1,SUMIFS($I:$I,$A:$A,$A63),"") -> 31019310 | K63: =IF(O63=1,총정리!$B$19,"") -> 2750 | L63: =IF(O63=1,매출!Q63,"") -> 0 | M63: =IF(AND(K63<>"",L63<>""),K63*L63,"") -> 0 | N63: =IF(O63=1,E63+J63+M63,"") -> 31563810 | O63: =매출!U63 -> 1
A64: =매출!A64 -> 260106푸드올로지 | B64: =매출!B64 -> 푸드올로지 | D64: =매출!D64 -> 0 | E64: =IF(AND(C64<>"",D64<>""),C64*D64,"") | F64: =매출!H64 -> 12/31 푸드올로지 톡스올로지 48시간 CCA 클렌즈주스, 1L, 1개 | G64: =매출!I64 -> 5 | H64: =매출!J64 -> 24800 | I64: =매출!L64 -> 124000 | J64: =IF(O64=1,SUMIFS($I:$I,$A:$A,$A64),"") | K64: =IF(O64=1,총정리!$B$19,"") | L64: =IF(O64=1,매출!Q64,"") | M64: =IF(AND(K64<>"",L64<>""),K64*L64,"") | N64: =IF(O64=1,E64+J64+M64,"") | O64: =매출!U64 -> 0
A65: =매출!A65 -> 260106푸드올로지 | B65: =매출!B65 -> 푸드올로지 | D65: =매출!D65 -> 0 | E65: =IF(AND(C65<>"",D65<>""),C65*D65,"") | F65: =매출!H65 -> 12/31 푸드올로지 톡스올로지 48시간 CCA 클렌즈주스, 1L, 1개 | G65: =매출!I65 -> 10 | H65: =매출!J65 -> 24800 | I65: =매출!L65 -> 248000 | J65: =IF(O65=1,SUMIFS($I:$I,$A:$A,$A65),"") | K65: =IF(O65=1,총정리!$B$19,"") | L65: =IF(O65=1,매출!Q65,"") | M65: =IF(AND(K65<>"",L65<>""),K65*L65,"") | N65: =IF(O65=1,E65+J65+M65,"") | O65: =매출!U65 -> 0
A66: =매출!A66 -> 260106푸드올로지 | B66: =매출!B66 -> 푸드올로지 | D66: =매출!D66 -> 0 | E66: =IF(AND(C66<>"",D66<>""),C66*D66,"") | F66: =매출!H66 -> 12/31 푸드올로지 콜레올로지컷 프로 다이어트 보조제 39.6g, 66정, 1개 | G66: =매출!I66 -> 5 | H66: =매출!J66 -> 34190 | I66: =매출!L66 -> 170950 | J66: =IF(O66=1,SUMIFS($I:$I,$A:$A,$A66),"") | K66: =IF(O66=1,총정리!$B$19,"") | L66: =IF(O66=1,매출!Q66,"") | M66: =IF(AND(K66<>"",L66<>""),K66*L66,"") | N66: =IF(O66=1,E66+J66+M66,"") | O66: =매출!U66 -> 0
A67: =매출!A67 -> 260106푸드올로지 | B67: =매출!B67 -> 푸드올로지 | D67: =매출!D67 -> 0 | E67: =IF(AND(C67<>"",D67<>""),C67*D67,"") | F67: =매출!H67 -> 12/31 푸드올로지 콜레올로지컷 다이어트 유산균, 20정, 1개 | G67: =매출!I67 -> 3 | H67: =매출!J67 -> 29800 | I67: =매출!L67 -> 89400 | J67: =IF(O67=1,SUMIFS($I:$I,$A:$A,$A67),"") | K67: =IF(O67=1,총정리!$B$19,"") | L67: =IF(O67=1,매출!Q67,"") | M67: =IF(AND(K67<>"",L67<>""),K67*L67,"") | N67: =IF(O67=1,E67+J67+M67,"") | O67: =매출!U67 -> 0
A68: =매출!A68 -> 260106푸드올로지 | B68: =매출!B68 -> 푸드올로지 | D68: =매출!D68 -> 0 | E68: =IF(AND(C68<>"",D68<>""),C68*D68,"") | F68: =매출!H68 -> 12/31 푸드올로지 콜레 티 워터, 500ml, 12개 | G68: =매출!I68 -> 3 | H68: =매출!J68 -> 16900 | I68: =매출!L68 -> 50700 | J68: =IF(O68=1,SUMIFS($I:$I,$A:$A,$A68),"") | K68: =IF(O68=1,총정리!$B$19,"") | L68: =IF(O68=1,매출!Q68,"") | M68: =IF(AND(K68<>"",L68<>""),K68*L68,"") | N68: =IF(O68=1,E68+J68+M68,"") | O68: =매출!U68 -> 0
A69: =매출!A69 -> 260106푸드올로지 | B69: =매출!B69 -> 푸드올로지 | D69: =매출!D69 -> 0 | E69: =IF(AND(C69<>"",D69<>""),C69*D69,"") | F69: =매출!H69 -> 12/31 푸드올로지 콜라겐 센텔라 젤리, 1개, 10회분 | G69: =매출!I69 -> 10 | H69: =매출!J69 -> 22800 | I69: =매출!L69 -> 228000 | J69: =IF(O69=1,SUMIFS($I:$I,$A:$A,$A69),"") | K69: =IF(O69=1,총정리!$B$19,"") | L69: =IF(O69=1,매출!Q69,"") | M69: =IF(AND(K69<>"",L69<>""),K69*L69,"") | N69: =IF(O69=1,E69+J69+M69,"") | O69: =매출!U69 -> 0
A70: =매출!A70 -> 260106푸드올로지 | B70: =매출!B70 -> 푸드올로지 | D70: =매출!D70 -> 0 | E70: =IF(AND(C70<>"",D70<>""),C70*D70,"") | F70: =매출!H70 -> 12/31 푸드올로지 애사비 탱글 젤리 청귤맛 NMN 10p, 10회분, 1개 | G70: =매출!I70 -> 3 | H70: =매출!J70 -> 23800 | I70: =매출!L70 -> 71400 | J70: =IF(O70=1,SUMIFS($I:$I,$A:$A,$A70),"") | K70: =IF(O70=1,총정리!$B$19,"") | L70: =IF(O70=1,매출!Q70,"") | M70: =IF(AND(K70<>"",L70<>""),K70*L70,"") | N70: =IF(O70=1,E70+J70+M70,"") | O70: =매출!U70 -> 0
A71: =매출!A71 -> 260106푸드올로지 | B71: =매출!B71 -> 푸드올로지 | D71: =매출!D71 -> 0 | E71: =IF(AND(C71<>"",D71<>""),C71*D71,"") | F71: =매출!H71 -> 12/31 푸드올로지 애사비 탱글 젤리 사과맛 NMN 10p, 1개, 10회분 | G71: =매출!I71 -> 3 | H71: =매출!J71 -> 23800 | I71: =매출!L71 -> 71400 | J71: =IF(O71=1,SUMIFS($I:$I,$A:$A,$A71),"") | K71: =IF(O71=1,총정리!$B$19,"") | L71: =IF(O71=1,매출!Q71,"") | M71: =IF(AND(K71<>"",L71<>""),K71*L71,"") | N71: =IF(O71=1,E71+J71+M71,"") | O71: =매출!U71 -> 0
A72: =매출!A72 -> 260106푸드올로지 | B72: =매출!B72 -> 푸드올로지 | D72: =매출!D72 -> 0 | E72: =IF(AND(C72<>"",D72<>""),C72*D72,"") | F72: =매출!H72 -> 12/31 푸드올로지 애사비 탱글 젤리 복숭아맛 NMN 10p, 1개, 10회분 | G72: =매출!I72 -> 3 | H72: =매출!J72 -> 23800 | I72: =매출!L72 -> 71400 | J72: =IF(O72=1,SUMIFS($I:$I,$A:$A,$A72),"") | K72: =IF(O72=1,총정리!$B$19,"") | L72: =IF(O72=1,매출!Q72,"") | M72: =IF(AND(K72<>"",L72<>""),K72*L72,"") | N72: =IF(O72=1,E72+J72+M72,"") | O72: =매출!U72 -> 0
A73: =매출!A73 -> 260106푸드올로지 | B73: =매출!B73 -> 푸드올로지 | D73: =매출!D73 -> 0 | E73: =IF(AND(C73<>"",D73<>""),C73*D73,"") | F73: =매출!H73 -> 12/31 푸드올로지 버닝올로지 디데이 다이어트 케어 | G73: =매출!I73 -> 5 | H73: =매출!J73 -> 31900 | I73: =매출!L73 -> 159500 | J73: =IF(O73=1,SUMIFS($I:$I,$A:$A,$A73),"") | K73: =IF(O73=1,총정리!$B$19,"") | L73: =IF(O73=1,매출!Q73,"") | M73: =IF(AND(K73<>"",L73<>""),K73*L73,"") | N73: =IF(O73=1,E73+J73+M73,"") | O73: =매출!U73 -> 0
A74: =매출!A74 -> 260106푸드올로지 | B74: =매출!B74 -> 푸드올로지 | D74: =매출!D74 -> 0 | E74: =IF(AND(C74<>"",D74<>""),C74*D74,"") | F74: =매출!H74 -> 12/31 푸드올로지 마인드풀 지중해 올리브오일 | G74: =매출!I74 -> 5 | H74: =매출!J74 -> 32800 | I74: =매출!L74 -> 164000 | J74: =IF(O74=1,SUMIFS($I:$I,$A:$A,$A74),"") | K74: =IF(O74=1,총정리!$B$19,"") | L74: =IF(O74=1,매출!Q74,"") | M74: =IF(AND(K74<>"",L74<>""),K74*L74,"") | N74: =IF(O74=1,E74+J74+M74,"") | O74: =매출!U74 -> 0
A75: =매출!A75 -> 260106푸드올로지 | B75: =매출!B75 -> 푸드올로지 | D75: =매출!D75 -> 0 | E75: =IF(AND(C75<>"",D75<>""),C75*D75,"") | F75: =매출!H75 -> 12/31 푸드올로지 마인드풀 지중해 오일만 클렌즈 10p, 1개, 10회분 | G75: =매출!I75 -> 5 | H75: =매출!J75 -> 25800 | I75: =매출!L75 -> 129000 | J75: =IF(O75=1,SUMIFS($I:$I,$A:$A,$A75),"") | K75: =IF(O75=1,총정리!$B$19,"") | L75: =IF(O75=1,매출!Q75,"") | M75: =IF(AND(K75<>"",L75<>""),K75*L75,"") | N75: =IF(O75=1,E75+J75+M75,"") | O75: =매출!U75 -> 0
... A199: =매출!A199 -> 260106푸드올로지 | B199: =매출!B199 -> 푸드올로지 | D199: =매출!D199 -> 0 | E199: =IF(AND(C199<>"",D199<>""),C199*D199,"") | F199: =매출!H199 -> 1/1 [N단독/1+1] 푸드올로지 톡스올로지 클렌즈 48시간 ABC+CCA 공복 당근 푸른 주스 | G199: =매출!I199 -> 4 | H199: =매출!J199 -> 47500 | I199: =매출!L199 -> 190000 | J199: =IF(O199=1,SUMIFS($I:$I,$A:$A,$A199),"") | K199: =IF(O199=1,총정리!$B$19,"") | L199: =IF(O199=1,매출!Q199,"") | M199: =IF(AND(K199<>"",L199<>""),K199*L199,"") | N199: =IF(O199=1,E199+J199+M199,"") | O199: =매출!U199 -> 0
A200: =매출!A200 -> 260106풀리 | B200: =매출!B200 -> 풀리 | C200: 500 | D200: =매출!D200 -> 203 | E200: =IF(AND(C200<>"",D200<>""),C200*D200,"") -> 101500 | F200: =매출!H200 -> 12/31 [홀리데이/케이크타올 증정] 풀리 비건 팩 클렌저+타올 기획 세트(3종 중 택1) | G200: =매출!I200 -> 10 | H200: =매출!J200 -> 19800 | I200: =매출!L200 -> 198000 | J200: =IF(O200=1,SUMIFS($I:$I,$A:$A,$A200),"") -> 3769270 | K200: =IF(O200=1,총정리!$B$19,"") -> 2750 | L200: =IF(O200=1,매출!Q200,"") -> 0 | M200: =IF(AND(K200<>"",L200<>""),K200*L200,"") -> 0 | N200: =IF(O200=1,E200+J200+M200,"") -> 3870770 | O200: =매출!U200 -> 1
A201: =매출!A201 -> 260106풀리 | B201: =매출!B201 -> 풀리 | D201: =매출!D201 -> 0 | E201: =IF(AND(C201<>"",D201<>""),C201*D201,"") | F201: =매출!H201 -> 12/31 [홀리데이 추천] 풀리 비건 팩 클렌저 3종 디스커버리 키트 | G201: =매출!I201 -> 10 | H201: =매출!J201 -> 15900 | I201: =매출!L201 -> 159000 | J201: =IF(O201=1,SUMIFS($I:$I,$A:$A,$A201),"") | K201: =IF(O201=1,총정리!$B$19,"") | L201: =IF(O201=1,매출!Q201,"") | M201: =IF(AND(K201<>"",L201<>""),K201*L201,"") | N201: =IF(O201=1,E201+J201+M201,"") | O201: =매출!U201 -> 0
A202: =매출!A202 -> 260106풀리 | B202: =매출!B202 -> 풀리 | D202: =매출!D202 -> 0 | E202: =IF(AND(C202<>"",D202<>""),C202*D202,"") | F202: =매출!H202 -> 12/30 풀리 쌀세라 수분선크림 50ml | G202: =매출!I202 -> 5 | H202: =매출!J202 -> 17900 | I202: =매출!L202 -> 89500 | J202: =IF(O202=1,SUMIFS($I:$I,$A:$A,$A202),"") | K202: =IF(O202=1,총정리!$B$19,"") | L202: =IF(O202=1,매출!Q202,"") | M202: =IF(AND(K202<>"",L202<>""),K202*L202,"") | N202: =IF(O202=1,E202+J202+M202,"") | O202: =매출!U202 -> 0
A203: =매출!A203 -> 260106풀리 | B203: =매출!B203 -> 풀리 | D203: =매출!D203 -> 0 | E203: =IF(AND(C203<>"",D203<>""),C203*D203,"") | F203: =매출!H203 -> 12/30 풀리 쌀 세라 에센스 토너 보습 장벽 토너, 1개, 250ml | G203: =매출!I203 -> 7 | H203: =매출!J203 -> 20150 | I203: =매출!L203 -> 141050 | J203: =IF(O203=1,SUMIFS($I:$I,$A:$A,$A203),"") | K203: =IF(O203=1,총정리!$B$19,"") | L203: =IF(O203=1,매출!Q203,"") | M203: =IF(AND(K203<>"",L203<>""),K203*L203,"") | N203: =IF(O203=1,E203+J203+M203,"") | O203: =매출!U203 -> 0
A204: =매출!A204 -> 260106풀리 | B204: =매출!B204 -> 풀리 | D204: =매출!D204 -> 0 | E204: =IF(AND(C204<>"",D204<>""),C204*D204,"") | F204: =매출!H204 -> 12/30 풀리 비건 그린 토마토 클레이 팩 클렌저, 120ml, 1개 | G204: =매출!I204 -> 10 | H204: =매출!J204 -> 17800 | I204: =매출!L204 -> 178000 | J204: =IF(O204=1,SUMIFS($I:$I,$A:$A,$A204),"") | K204: =IF(O204=1,총정리!$B$19,"") | L204: =IF(O204=1,매출!Q204,"") | M204: =IF(AND(K204<>"",L204<>""),K204*L204,"") | N204: =IF(O204=1,E204+J204+M204,"") | O204: =매출!U204 -> 0
A205: =매출!A205 -> 260106풀리 | B205: =매출!B205 -> 풀리 | D205: =매출!D205 -> 0 | E205: =IF(AND(C205<>"",D205<>""),C205*D205,"") | F205: =매출!H205 -> 12/30 풀리 그린토마토 클레이 팩클렌저 120ml | G205: =매출!I205 -> 5 | H205: =매출!J205 -> 18400 | I205: =매출!L205 -> 92000 | J205: =IF(O205=1,SUMIFS($I:$I,$A:$A,$A205),"") | K205: =IF(O205=1,총정리!$B$19,"") | L205: =IF(O205=1,매출!Q205,"") | M205: =IF(AND(K205<>"",L205<>""),K205*L205,"") | N205: =IF(O205=1,E205+J205+M205,"") | O205: =매출!U205 -> 0
A206: =매출!A206 -> 260106풀리 | B206: =매출!B206 -> 풀리 | D206: =매출!D206 -> 0 | E206: =IF(AND(C206<>"",D206<>""),C206*D206,"") | F206: =매출!H206 -> 12/30 [홀리데이/케이크타올 증정] 풀리 비건 팩 클렌저+타올 기획 세트(3종 중 택1) | G206: =매출!I206 -> 10 | H206: =매출!J206 -> 19800 | I206: =매출!L206 -> 198000 | J206: =IF(O206=1,SUMIFS($I:$I,$A:$A,$A206),"") | K206: =IF(O206=1,총정리!$B$19,"") | L206: =IF(O206=1,매출!Q206,"") | M206: =IF(AND(K206<>"",L206<>""),K206*L206,"") | N206: =IF(O206=1,E206+J206+M206,"") | O206: =매출!U206 -> 0
A207: =매출!A207 -> 260106풀리 | B207: =매출!B207 -> 풀리 | D207: =매출!D207 -> 0 | E207: =IF(AND(C207<>"",D207<>""),C207*D207,"") | F207: =매출!H207 -> 12/30 [홀리데이 추천] 풀리 비건 팩 클렌저 3종 디스커버리 키트 | G207: =매출!I207 -> 10 | H207: =매출!J207 -> 15900 | I207: =매출!L207 -> 159000 | J207: =IF(O207=1,SUMIFS($I:$I,$A:$A,$A207),"") | K207: =IF(O207=1,총정리!$B$19,"") | L207: =IF(O207=1,매출!Q207,"") | M207: =IF(AND(K207<>"",L207<>""),K207*L207,"") | N207: =IF(O207=1,E207+J207+M207,"") | O207: =매출!U207 -> 0
A208: =매출!A208 -> 260106풀리 | B208: =매출!B208 -> 풀리 | D208: =매출!D208 -> 0 | E208: =IF(AND(C208<>"",D208<>""),C208*D208,"") | F208: =매출!H208 -> 12/29 [홀리데이/케이크타올 증정] 풀리 비건 팩 클렌저+타올 기획 세트(3종 중 택1) | G208: =매출!I208 -> 10 | H208: =매출!J208 -> 19800 | I208: =매출!L208 -> 198000 | J208: =IF(O208=1,SUMIFS($I:$I,$A:$A,$A208),"") | K208: =IF(O208=1,총정리!$B$19,"") | L208: =IF(O208=1,매출!Q208,"") | M208: =IF(AND(K208<>"",L208<>""),K208*L208,"") | N208: =IF(O208=1,E208+J208+M208,"") | O208: =매출!U208 -> 0
A209: =매출!A209 -> 260106풀리 | B209: =매출!B209 -> 풀리 | D209: =매출!D209 -> 0 | E209: =IF(AND(C209<>"",D209<>""),C209*D209,"") | F209: =매출!H209 -> 12/29 [홀리데이 추천] 풀리 비건 팩 클렌저 3종 디스커버리 키트 | G209: =매출!I209 -> 10 | H209: =매출!J209 -> 15900 | I209: =매출!L209 -> 159000 | J209: =IF(O209=1,SUMIFS($I:$I,$A:$A,$A209),"") | K209: =IF(O209=1,총정리!$B$19,"") | L209: =IF(O209=1,매출!Q209,"") | M209: =IF(AND(K209<>"",L209<>""),K209*L209,"") | N209: =IF(O209=1,E209+J209+M209,"") | O209: =매출!U209 -> 0
A210: =매출!A210 -> 260106풀리 | B210: =매출!B210 -> 풀리 | D210: =매출!D210 -> 0 | E210: =IF(AND(C210<>"",D210<>""),C210*D210,"") | F210: =매출!H210 -> 12/28 [홀리데이/케이크타올 증정] 풀리 비건 팩 클렌저+타올 기획 세트(3종 중 택1) | G210: =매출!I210 -> 10 | H210: =매출!J210 -> 19500 | I210: =매출!L210 -> 195000 | J210: =IF(O210=1,SUMIFS($I:$I,$A:$A,$A210),"") | K210: =IF(O210=1,총정리!$B$19,"") | L210: =IF(O210=1,매출!Q210,"") | M210: =IF(AND(K210<>"",L210<>""),K210*L210,"") | N210: =IF(O210=1,E210+J210+M210,"") | O210: =매출!U210 -> 0
A211: =매출!A211 -> 260106풀리 | B211: =매출!B211 -> 풀리 | D211: =매출!D211 -> 0 | E211: =IF(AND(C211<>"",D211<>""),C211*D211,"") | F211: =매출!H211 -> 12/28 [홀리데이 추천] 풀리 비건 팩 클렌저 3종 디스커버리 키트 | G211: =매출!I211 -> 10 | H211: =매출!J211 -> 15000 | I211: =매출!L211 -> 150000 | J211: =IF(O211=1,SUMIFS($I:$I,$A:$A,$A211),"") | K211: =IF(O211=1,총정리!$B$19,"") | L211: =IF(O211=1,매출!Q211,"") | M211: =IF(AND(K211<>"",L211<>""),K211*L211,"") | N211: =IF(O211=1,E211+J211+M211,"") | O211: =매출!U211 -> 0
A212: =매출!A212 -> 260106풀리 | B212: =매출!B212 -> 풀리 | D212: =매출!D212 -> 0 | E212: =IF(AND(C212<>"",D212<>""),C212*D212,"") | F212: =매출!H212 -> 12/27 풀리 쌀 세라 수분 선크림, 1개, 50ml | G212: =매출!I212 -> 7 | H212: =매출!J212 -> 16200 | I212: =매출!L212 -> 113400 | J212: =IF(O212=1,SUMIFS($I:$I,$A:$A,$A212),"") | K212: =IF(O212=1,총정리!$B$19,"") | L212: =IF(O212=1,매출!Q212,"") | M212: =IF(AND(K212<>"",L212<>""),K212*L212,"") | N212: =IF(O212=1,E212+J212+M212,"") | O212: =매출!U212 -> 0
... A225: =매출!A225 -> 260106풀리 | B225: =매출!B225 -> 풀리 | D225: =매출!D225 -> 0 | E225: =IF(AND(C225<>"",D225<>""),C225*D225,"") | F225: =매출!H225 -> 1/1 [홀리데이 추천] 풀리 비건 팩 클렌저 3종 디스커버리 키트 | G225: =매출!I225 -> 10 | H225: =매출!J225 -> 15900 | I225: =매출!L225 -> 159000 | J225: =IF(O225=1,SUMIFS($I:$I,$A:$A,$A225),"") | K225: =IF(O225=1,총정리!$B$19,"") | L225: =IF(O225=1,매출!Q225,"") | M225: =IF(AND(K225<>"",L225<>""),K225*L225,"") | N225: =IF(O225=1,E225+J225+M225,"") | O225: =매출!U225 -> 0
A226: =매출!A226 -> 260106랑셍스 | B226: =매출!B226 -> 랑셍스 | C226: 500 | D226: =매출!D226 -> 5 | E226: =IF(AND(C226<>"",D226<>""),C226*D226,"") -> 2500 | F226: =매출!H226 -> 오드퍼퓸 | G226: =매출!I226 -> 5 | H226: =매출!J226 -> 28310 | I226: =매출!L226 -> 141550 | J226: =IF(O226=1,SUMIFS($I:$I,$A:$A,$A226),"") -> 141550 | K226: =IF(O226=1,총정리!$B$19,"") -> 2750 | L226: =IF(O226=1,매출!Q226,"") -> 0 | M226: =IF(AND(K226<>"",L226<>""),K226*L226,"") -> 0 | N226: =IF(O226=1,E226+J226+M226,"") -> 144050 | O226: =매출!U226 -> 1
A227: =매출!A227 -> 260106프로블럼95 | B227: =매출!B227 -> 프로블럼95 | C227: 500 | D227: =매출!D227 -> 85 | E227: =IF(AND(C227<>"",D227<>""),C227*D227,"") -> 42500 | F227: =매출!H227 -> 12/30 95프로블럼 발란스핏 종아리 마사지기, 1개 | G227: =매출!I227 -> 7 | H227: =매출!J227 -> 64000 | I227: =매출!L227 -> 448000 | J227: =IF(O227=1,SUMIFS($I:$I,$A:$A,$A227),"") -> 3335750 | K227: =IF(O227=1,총정리!$B$19,"") -> 2750 | L227: =IF(O227=1,매출!Q227,"") -> 0 | M227: =IF(AND(K227<>"",L227<>""),K227*L227,"") -> 0 | N227: =IF(O227=1,E227+J227+M227,"") -> 3378250 | O227: =매출!U227 -> 1
A228: =매출!A228 -> 260106프로블럼95 | B228: =매출!B228 -> 프로블럼95 | D228: =매출!D228 -> 0 | E228: =IF(AND(C228<>"",D228<>""),C228*D228,"") | F228: =매출!H228 -> 12/29 95프로블럼 발란스핏 압박스타킹 종아리형 프로 1등급 신고 의료기기 | G228: =매출!I228 -> 50 | H228: =매출!J228 -> 19800 | I228: =매출!L228 -> 990000 | J228: =IF(O228=1,SUMIFS($I:$I,$A:$A,$A228),"") | K228: =IF(O228=1,총정리!$B$19,"") | L228: =IF(O228=1,매출!Q228,"") | M228: =IF(AND(K228<>"",L228<>""),K228*L228,"") | N228: =IF(O228=1,E228+J228+M228,"") | O228: =매출!U228 -> 0
A229: =매출!A229 -> 260106프로블럼95 | B229: =매출!B229 -> 프로블럼95 | D229: =매출!D229 -> 0 | E229: =IF(AND(C229<>"",D229<>""),C229*D229,"") | F229: =매출!H229 -> 12/27 95프로블럼 발란스핏 EMS 슬림 벨트 마사지기 PRO, 1개, 퍼플 | G229: =매출!I229 -> 5 | H229: =매출!J229 -> 103070 | I229: =매출!L229 -> 515350 | J229: =IF(O229=1,SUMIFS($I:$I,$A:$A,$A229),"") | K229: =IF(O229=1,총정리!$B$19,"") | L229: =IF(O229=1,매출!Q229,"") | M229: =IF(AND(K229<>"",L229<>""),K229*L229,"") | N229: =IF(O229=1,E229+J229+M229,"") | O229: =매출!U229 -> 0
A230: =매출!A230 -> 260106프로블럼95 | B230: =매출!B230 -> 프로블럼95 | D230: =매출!D230 -> 0 | E230: =IF(AND(C230<>"",D230<>""),C230*D230,"") | F230: =매출!H230 -> 12/27 95프로블럼 바디케어 1등 발란스핏 체어 마사지기 / 온열 무선 등허리 마사지기 안마기 직장인 | G230: =매출!I230 -> 20 | H230: =매출!J230 -> 67500 | I230: =매출!L230 -> 1350000 | J230: =IF(O230=1,SUMIFS($I:$I,$A:$A,$A230),"") | K230: =IF(O230=1,총정리!$B$19,"") | L230: =IF(O230=1,매출!Q230,"") | M230: =IF(AND(K230<>"",L230<>""),K230*L230,"") | N230: =IF(O230=1,E230+J230+M230,"") | O230: =매출!U230 -> 0
A231: =매출!A231 -> 260106프로블럼95 | B231: =매출!B231 -> 프로블럼95 | D231: =매출!D231 -> 0 | E231: =IF(AND(C231<>"",D231<>""),C231*D231,"") | F231: =매출!H231 -> 1/1 95프로블럼 발란스핏 페이스핏 주름패치 62패치 이마 미간 눈가 팔자 주름개선 기능성 반투명 초밀착패치 | G231: =매출!I231 -> 3 | H231: =매출!J231 -> 10800 | I231: =매출!L231 -> 32400 | J231: =IF(O231=1,SUMIFS($I:$I,$A:$A,$A231),"") | K231: =IF(O231=1,총정리!$B$19,"") | L231: =IF(O231=1,매출!Q231,"") | M231: =IF(AND(K231<>"",L231<>""),K231*L231,"") | N231: =IF(O231=1,E231+J231+M231,"") | O231: =매출!U231 -> 0
A232: =매출!A232 -> 260106포들 네이버 | B232: =매출!B232 -> 포들 | C232: 2000 | D232: =매출!D232 -> 1586 | E232: =IF(AND(C232<>"",D232<>""),C232*D232,"") -> 3172000 | F232: =매출!H232 -> 톤결광 5매 | G232: =매출!I232 -> 82 | H232: =매출!J232 -> 24000 | I232: =매출!L232 -> 1968000 | J232: =IF(O232=1,SUMIFS($I:$I,$A:$A,$A232),"") -> 129191000 | K232: =IF(O232=1,총정리!$B$19,"") -> 2750 | L232: =IF(O232=1,매출!Q232,"") -> 0 | M232: =IF(AND(K232<>"",L232<>""),K232*L232,"") -> 0 | N232: =IF(O232=1,E232+J232+M232,"") -> 132363000 | O232: =매출!U232 -> 1
A233: =매출!A233 -> 260106포들 네이버 | B233: =매출!B233 -> 포들 | D233: =매출!D233 -> 0 | E233: =IF(AND(C233<>"",D233<>""),C233*D233,"") | F233: =매출!H233 -> 톤결광 10매 | G233: =매출!I233 -> 51 | H233: =매출!J233 -> 45000 | I233: =매출!L233 -> 2295000 | J233: =IF(O233=1,SUMIFS($I:$I,$A:$A,$A233),"") | K233: =IF(O233=1,총정리!$B$19,"") | L233: =IF(O233=1,매출!Q233,"") | M233: =IF(AND(K233<>"",L233<>""),K233*L233,"") | N233: =IF(O233=1,E233+J233+M233,"") | O233: =매출!U233 -> 0
A234: =매출!A234 -> 260106포들 네이버 | B234: =매출!B234 -> 포들 | D234: =매출!D234 -> 0 | E234: =IF(AND(C234<>"",D234<>""),C234*D234,"") | F234: =매출!H234 -> 톤결광 15매 | G234: =매출!I234 -> 49 | H234: =매출!J234 -> 62000 | I234: =매출!L234 -> 3038000 | J234: =IF(O234=1,SUMIFS($I:$I,$A:$A,$A234),"") | K234: =IF(O234=1,총정리!$B$19,"") | L234: =IF(O234=1,매출!Q234,"") | M234: =IF(AND(K234<>"",L234<>""),K234*L234,"") | N234: =IF(O234=1,E234+J234+M234,"") | O234: =매출!U234 -> 0
A235: =매출!A235 -> 260106포들 네이버 | B235: =매출!B235 -> 포들 | D235: =매출!D235 -> 0 | E235: =IF(AND(C235<>"",D235<>""),C235*D235,"") | F235: =매출!H235 -> 톤결광 20매 | G235: =매출!I235 -> 54 | H235: =매출!J235 -> 78000 | I235: =매출!L235 -> 4212000 | J235: =IF(O235=1,SUMIFS($I:$I,$A:$A,$A235),"") | K235: =IF(O235=1,총정리!$B$19,"") | L235: =IF(O235=1,매출!Q235,"") | M235: =IF(AND(K235<>"",L235<>""),K235*L235,"") | N235: =IF(O235=1,E235+J235+M235,"") | O235: =매출!U235 -> 0
A236: =매출!A236 -> 260106포들 네이버 | B236: =매출!B236 -> 포들 | D236: =매출!D236 -> 0 | E236: =IF(AND(C236<>"",D236<>""),C236*D236,"") | F236: =매출!H236 -> 톤결광 40매 | G236: =매출!I236 -> 45 | H236: =매출!J236 -> 150000 | I236: =매출!L236 -> 6750000 | J236: =IF(O236=1,SUMIFS($I:$I,$A:$A,$A236),"") | K236: =IF(O236=1,총정리!$B$19,"") | L236: =IF(O236=1,매출!Q236,"") | M236: =IF(AND(K236<>"",L236<>""),K236*L236,"") | N236: =IF(O236=1,E236+J236+M236,"") | O236: =매출!U236 -> 0
A237: =매출!A237 -> 260106포들 네이버 | B237: =매출!B237 -> 포들 | D237: =매출!D237 -> 0 | E237: =IF(AND(C237<>"",D237<>""),C237*D237,"") | F237: =매출!H237 -> 톤결광 60매 | G237: =매출!I237 -> 35 | H237: =매출!J237 -> 210000 | I237: =매출!L237 -> 7350000 | J237: =IF(O237=1,SUMIFS($I:$I,$A:$A,$A237),"") | K237: =IF(O237=1,총정리!$B$19,"") | L237: =IF(O237=1,매출!Q237,"") | M237: =IF(AND(K237<>"",L237<>""),K237*L237,"") | N237: =IF(O237=1,E237+J237+M237,"") | O237: =매출!U237 -> 0
A238: =매출!A238 -> 260106포들 네이버 | B238: =매출!B238 -> 포들 | D238: =매출!D238 -> 0 | E238: =IF(AND(C238<>"",D238<>""),C238*D238,"") | F238: =매출!H238 -> 쉴드팩 5매 | G238: =매출!I238 -> 79 | H238: =매출!J238 -> 24000 | I238: =매출!L238 -> 1896000 | J238: =IF(O238=1,SUMIFS($I:$I,$A:$A,$A238),"") | K238: =IF(O238=1,총정리!$B$19,"") | L238: =IF(O238=1,매출!Q238,"") | M238: =IF(AND(K238<>"",L238<>""),K238*L238,"") | N238: =IF(O238=1,E238+J238+M238,"") | O238: =매출!U238 -> 0
A239: =매출!A239 -> 260106포들 네이버 | B239: =매출!B239 -> 포들 | D239: =매출!D239 -> 0 | E239: =IF(AND(C239<>"",D239<>""),C239*D239,"") | F239: =매출!H239 -> 쉴드팩 10매 | G239: =매출!I239 -> 54 | H239: =매출!J239 -> 45000 | I239: =매출!L239 -> 2430000 | J239: =IF(O239=1,SUMIFS($I:$I,$A:$A,$A239),"") | K239: =IF(O239=1,총정리!$B$19,"") | L239: =IF(O239=1,매출!Q239,"") | M239: =IF(AND(K239<>"",L239<>""),K239*L239,"") | N239: =IF(O239=1,E239+J239+M239,"") | O239: =매출!U239 -> 0
A240: =매출!A240 -> 260106포들 네이버 | B240: =매출!B240 -> 포들 | D240: =매출!D240 -> 0 | E240: =IF(AND(C240<>"",D240<>""),C240*D240,"") | F240: =매출!H240 -> 쉴드팩 15매 | G240: =매출!I240 -> 50 | H240: =매출!J240 -> 62000 | I240: =매출!L240 -> 3100000 | J240: =IF(O240=1,SUMIFS($I:$I,$A:$A,$A240),"") | K240: =IF(O240=1,총정리!$B$19,"") | L240: =IF(O240=1,매출!Q240,"") | M240: =IF(AND(K240<>"",L240<>""),K240*L240,"") | N240: =IF(O240=1,E240+J240+M240,"") | O240: =매출!U240 -> 0
A241: =매출!A241 -> 260106포들 네이버 | B241: =매출!B241 -> 포들 | D241: =매출!D241 -> 0 | E241: =IF(AND(C241<>"",D241<>""),C241*D241,"") | F241: =매출!H241 -> 쉴드팩 20매 | G241: =매출!I241 -> 52 | H241: =매출!J241 -> 78000 | I241: =매출!L241 -> 4056000 | J241: =IF(O241=1,SUMIFS($I:$I,$A:$A,$A241),"") | K241: =IF(O241=1,총정리!$B$19,"") | L241: =IF(O241=1,매출!Q241,"") | M241: =IF(AND(K241<>"",L241<>""),K241*L241,"") | N241: =IF(O241=1,E241+J241+M241,"") | O241: =매출!U241 -> 0
A242: =매출!A242 -> 260106포들 네이버 | B242: =매출!B242 -> 포들 | D242: =매출!D242 -> 0 | E242: =IF(AND(C242<>"",D242<>""),C242*D242,"") | F242: =매출!H242 -> 쉴드팩 40매 | G242: =매출!I242 -> 48 | H242: =매출!J242 -> 150000 | I242: =매출!L242 -> 7200000 | J242: =IF(O242=1,SUMIFS($I:$I,$A:$A,$A242),"") | K242: =IF(O242=1,총정리!$B$19,"") | L242: =IF(O242=1,매출!Q242,"") | M242: =IF(AND(K242<>"",L242<>""),K242*L242,"") | N242: =IF(O242=1,E242+J242+M242,"") | O242: =매출!U242 -> 0
A243: =매출!A243 -> 260106포들 네이버 | B243: =매출!B243 -> 포들 | D243: =매출!D243 -> 0 | E243: =IF(AND(C243<>"",D243<>""),C243*D243,"") | F243: =매출!H243 -> 쉴드팩 60매 | G243: =매출!I243 -> 40 | H243: =매출!J243 -> 210000 | I243: =매출!L243 -> 8400000 | J243: =IF(O243=1,SUMIFS($I:$I,$A:$A,$A243),"") | K243: =IF(O243=1,총정리!$B$19,"") | L243: =IF(O243=1,매출!Q243,"") | M243: =IF(AND(K243<>"",L243<>""),K243*L243,"") | N243: =IF(O243=1,E243+J243+M243,"") | O243: =매출!U243 -> 0
A244: =매출!A244 -> 260106포들 네이버 | B244: =매출!B244 -> 포들 | D244: =매출!D244 -> 0 | E244: =IF(AND(C244<>"",D244<>""),C244*D244,"") | F244: =매출!H244 -> 수분팩 5매 | G244: =매출!I244 -> 81 | H244: =매출!J244 -> 24000 | I244: =매출!L244 -> 1944000 | J244: =IF(O244=1,SUMIFS($I:$I,$A:$A,$A244),"") | K244: =IF(O244=1,총정리!$B$19,"") | L244: =IF(O244=1,매출!Q244,"") | M244: =IF(AND(K244<>"",L244<>""),K244*L244,"") | N244: =IF(O244=1,E244+J244+M244,"") | O244: =매출!U244 -> 0
... A261: =매출!A261 -> 260106포들 네이버 | B261: =매출!B261 -> 포들 | D261: =매출!D261 -> 0 | E261: =IF(AND(C261<>"",D261<>""),C261*D261,"") | F261: =매출!H261 -> 팥빙수팩 60매 | G261: =매출!I261 -> 35 | H261: =매출!J261 -> 210000 | I261: =매출!L261 -> 7350000 | J261: =IF(O261=1,SUMIFS($I:$I,$A:$A,$A261),"") | K261: =IF(O261=1,총정리!$B$19,"") | L261: =IF(O261=1,매출!Q261,"") | M261: =IF(AND(K261<>"",L261<>""),K261*L261,"") | N261: =IF(O261=1,E261+J261+M261,"") | O261: =매출!U261 -> 0
A262: =매출!A262 -> 260105자온담네이버 | B262: =매출!B262 -> 자온담 | C262: 2500 | D262: =매출!D262 -> 30 | E262: =IF(AND(C262<>"",D262<>""),C262*D262,"") -> 75000 | F262: =매출!H262 -> 자온담 온찜질팩 | G262: =매출!I262 -> 30 | H262: =매출!J262 -> 19800 | I262: =매출!L262 -> 594000 | J262: =IF(O262=1,SUMIFS($I:$I,$A:$A,$A262),"") -> 594000 | K262: =IF(O262=1,총정리!$B$19,"") -> 2750 | L262: =IF(O262=1,매출!Q262,"") -> 5 | M262: =IF(AND(K262<>"",L262<>""),K262*L262,"") -> 13750 | N262: =IF(O262=1,E262+J262+M262,"") -> 682750 | O262: =매출!U262 -> 1
A263: =매출!A263 -> 260102누카네이버 | B263: =매출!B263 -> 누카 | C263: 2500 | D263: =매출!D263 -> 5 | E263: =IF(AND(C263<>"",D263<>""),C263*D263,"") -> 12500 | F263: =매출!H263 -> 쿠팡 누카 커스텀체어 X900 PRO | G263: =매출!I263 -> 1 | H263: =매출!J263 -> 299000 | I263: =매출!L263 -> 299000 | J263: =IF(O263=1,SUMIFS($I:$I,$A:$A,$A263),"") -> 1915000 | K263: =IF(O263=1,총정리!$B$19,"") -> 2750 | L263: =IF(O263=1,매출!Q263,"") -> 0 | M263: =IF(AND(K263<>"",L263<>""),K263*L263,"") -> 0 | N263: =IF(O263=1,E263+J263+M263,"") -> 1927500 | O263: =매출!U263 -> 1
A264: =매출!A264 -> 260102누카네이버 | B264: =매출!B264 -> 누카 | D264: =매출!D264 -> 0 | E264: =IF(AND(C264<>"",D264<>""),C264*D264,"") | F264: =매출!H264 -> 쿠팡 누카 커스텀체어 G900-MS 6D | G264: =매출!I264 -> 1 | H264: =매출!J264 -> 329000 | I264: =매출!L264 -> 329000 | J264: =IF(O264=1,SUMIFS($I:$I,$A:$A,$A264),"") | K264: =IF(O264=1,총정리!$B$19,"") | L264: =IF(O264=1,매출!Q264,"") | M264: =IF(AND(K264<>"",L264<>""),K264*L264,"") | N264: =IF(O264=1,E264+J264+M264,"") | O264: =매출!U264 -> 0
A265: =매출!A265 -> 260102누카네이버 | B265: =매출!B265 -> 누카 | D265: =매출!D265 -> 0 | E265: =IF(AND(C265<>"",D265<>""),C265*D265,"") | F265: =매출!H265 -> 네이버 누카 에르고체어 E60 | G265: =매출!I265 -> 3 | H265: =매출!J265 -> 429000 | I265: =매출!L265 -> 1287000 | J265: =IF(O265=1,SUMIFS($I:$I,$A:$A,$A265),"") | K265: =IF(O265=1,총정리!$B$19,"") | L265: =IF(O265=1,매출!Q265,"") | M265: =IF(AND(K265<>"",L265<>""),K265*L265,"") | N265: =IF(O265=1,E265+J265+M265,"") | O265: =매출!U265 -> 0
A266: =매출!A266 -> 260102나우팜쿠팡 | B266: =매출!B266 -> 나우팜 | C266: 1000 | D266: =매출!D266 -> 10 | E266: =IF(AND(C266<>"",D266<>""),C266*D266,"") -> 10000 | F266: =매출!H266 -> 메르필 바디여드름 | G266: =매출!I266 -> 10 | H266: =매출!J266 -> 14490 | I266: =매출!L266 -> 144900 | J266: =IF(O266=1,SUMIFS($I:$I,$A:$A,$A266),"") -> 144900 | K266: =IF(O266=1,총정리!$B$19,"") -> 2750 | L266: =IF(O266=1,매출!Q266,"") -> 0 | M266: =IF(AND(K266<>"",L266<>""),K266*L266,"") -> 0 | N266: =IF(O266=1,E266+J266+M266,"") -> 154900 | O266: =매출!U266 -> 1
A267: =매출!A267 -> 260105리온커뮤니케이션 쿠팡 | B267: =매출!B267 -> 리온커뮤니케이션 | C267: 2500 | D267: =매출!D267 -> 10 | E267: =IF(AND(C267<>"",D267<>""),C267*D267,"") -> 25000 | F267: =매출!H267 -> 퀸하이크 메리노울 양말 | G267: =매출!I267 -> 25 | H267: =매출!J267 -> 29000 | I267: =매출!L267 -> 725000 | J267: =IF(O267=1,SUMIFS($I:$I,$A:$A,$A267),"") -> 725000 | K267: =IF(O267=1,총정리!$B$19,"") -> 2750 | L267: =IF(O267=1,매출!Q267,"") -> 0 | M267: =IF(AND(K267<>"",L267<>""),K267*L267,"") -> 0 | N267: =IF(O267=1,E267+J267+M267,"") -> 750000 | O267: =매출!U267 -> 1
A268: =매출!A268 -> 260105리온커뮤니케이션 쿠팡 | B268: =매출!B268 -> 리온커뮤니케이션 | C268: 2000 | D268: =매출!D268 -> 15 | E268: =IF(AND(C268<>"",D268<>""),C268*D268,"") -> 30000 | F268: =매출!H268 -> 0 | G268: =매출!I268 -> 0 | H268: =매출!J268 -> 0 | I268: =매출!L268 | J268: =IF(O268=1,SUMIFS($I:$I,$A:$A,$A268),"") | K268: =IF(O268=1,총정리!$B$19,"") | L268: =IF(O268=1,매출!Q268,"") | M268: =IF(AND(K268<>"",L268<>""),K268*L268,"") | N268: =IF(O268=1,E268+J268+M268,"") | O268: =매출!U268 -> 0
A269: =매출!A269 -> 260105나우팜쿠팡 | B269: =매출!B269 -> 나우팜 | C269: 1000 | D269: =매출!D269 -> 10 | E269: =IF(AND(C269<>"",D269<>""),C269*D269,"") -> 10000 | F269: =매출!H269 -> 지루성두피 약상성 샴푸 | G269: =매출!I269 -> 10 | H269: =매출!J269 -> 14500 | I269: =매출!L269 -> 145000 | J269: =IF(O269=1,SUMIFS($I:$I,$A:$A,$A269),"") -> 145000 | K269: =IF(O269=1,총정리!$B$19,"") -> 2750 | L269: =IF(O269=1,매출!Q269,"") -> 0 | M269: =IF(AND(K269<>"",L269<>""),K269*L269,"") -> 0 | N269: =IF(O269=1,E269+J269+M269,"") -> 155000 | O269: =매출!U269 -> 1
A270: =매출!A270 -> 260106편한생활연구소쿠팡 | B270: =매출!B270 -> 편한생활연구소 | C270: 1000 | D270: =매출!D270 -> 31 | E270: =IF(AND(C270<>"",D270<>""),C270*D270,"") -> 31000 | F270: =매출!H270 -> 전통 궁중 한과 설 선물세트 | G270: =매출!I270 -> 31 | H270: =매출!J270 -> 16900 | I270: =매출!L270 -> 523900 | J270: =IF(O270=1,SUMIFS($I:$I,$A:$A,$A270),"") -> 523900 | K270: =IF(O270=1,총정리!$B$19,"") -> 2750 | L270: =IF(O270=1,매출!Q270,"") -> 0 | M270: =IF(AND(K270<>"",L270<>""),K270*L270,"") -> 0 | N270: =IF(O270=1,E270+J270+M270,"") -> 554900 | O270: =매출!U270 -> 1
A271: =매출!A271 -> 260106동방생고기네이버 | B271: =매출!B271 -> 동방생고기 | C271: 2500 | D271: =매출!D271 -> 45 | E271: =IF(AND(C271<>"",D271<>""),C271*D271,"") -> 112500 | F271: =매출!H271 -> 네이버 청주 간장 불고기 | G271: =매출!I271 -> 15 | H271: =매출!J271 -> 4900 | I271: =매출!L271 -> 73500 | J271: =IF(O271=1,SUMIFS($I:$I,$A:$A,$A271),"") -> 220500 | K271: =IF(O271=1,총정리!$B$19,"") -> 2750 | L271: =IF(O271=1,매출!Q271,"") -> 0 | M271: =IF(AND(K271<>"",L271<>""),K271*L271,"") -> 0 | N271: =IF(O271=1,E271+J271+M271,"") -> 333000 | O271: =매출!U271 -> 1
A272: =매출!A272 -> 260106동방생고기네이버 | B272: =매출!B272 -> 동방생고기 | D272: =매출!D272 -> 0 | E272: =IF(AND(C272<>"",D272<>""),C272*D272,"") | F272: =매출!H272 -> 네이버 춘천 닭갈비 | G272: =매출!I272 -> 15 | H272: =매출!J272 -> 4900 | I272: =매출!L272 -> 73500 | J272: =IF(O272=1,SUMIFS($I:$I,$A:$A,$A272),"") | K272: =IF(O272=1,총정리!$B$19,"") | L272: =IF(O272=1,매출!Q272,"") | M272: =IF(AND(K272<>"",L272<>""),K272*L272,"") | N272: =IF(O272=1,E272+J272+M272,"") | O272: =매출!U272 -> 0
A273: =매출!A273 -> 260106동방생고기네이버 | B273: =매출!B273 -> 동방생고기 | D273: =매출!D273 -> 0 | E273: =IF(AND(C273<>"",D273<>""),C273*D273,"") | F273: =매출!H273 -> 네이버 옛날 두루치기 | G273: =매출!I273 -> 15 | H273: =매출!J273 -> 4900 | I273: =매출!L273 -> 73500 | J273: =IF(O273=1,SUMIFS($I:$I,$A:$A,$A273),"") | K273: =IF(O273=1,총정리!$B$19,"") | L273: =IF(O273=1,매출!Q273,"") | M273: =IF(AND(K273<>"",L273<>""),K273*L273,"") | N273: =IF(O273=1,E273+J273+M273,"") | O273: =매출!U273 -> 0
A274: =매출!A274 -> 260106닥터포헤어쿠팡 | B274: =매출!B274 -> 닥터포헤어 | C274: 1000 | D274: =매출!D274 -> 70 | E274: =IF(AND(C274<>"",D274<>""),C274*D274,"") -> 70000 | F274: =매출!H274 -> 씨크닝 헤어세럼 | G274: =매출!I274 -> 50 | H274: =매출!J274 -> 30600 | I274: =매출!L274 -> 1530000 | J274: =IF(O274=1,SUMIFS($I:$I,$A:$A,$A274),"") -> 1801800 | K274: =IF(O274=1,총정리!$B$19,"") -> 2750 | L274: =IF(O274=1,매출!Q274,"") -> 0 | M274: =IF(AND(K274<>"",L274<>""),K274*L274,"") -> 0 | N274: =IF(O274=1,E274+J274+M274,"") -> 1871800 | O274: =매출!U274 -> 1
A275: =매출!A275 -> 260106닥터포헤어쿠팡 | B275: =매출!B275 -> 닥터포헤어 | D275: =매출!D275 -> 0 | E275: =IF(AND(C275<>"",D275<>""),C275*D275,"") | F275: =매출!H275 -> 폴리젠 플러스 샴푸 | G275: =매출!I275 -> 20 | H275: =매출!J275 -> 13590 | I275: =매출!L275 -> 271800 | J275: =IF(O275=1,SUMIFS($I:$I,$A:$A,$A275),"") | K275: =IF(O275=1,총정리!$B$19,"") | L275: =IF(O275=1,매출!Q275,"") | M275: =IF(AND(K275<>"",L275<>""),K275*L275,"") | N275: =IF(O275=1,E275+J275+M275,"") | O275: =매출!U275 -> 0
A276: =매출!A276 -> 260107나우팜쿠팡 | B276: =매출!B276 -> 나우팜 | C276: 1000 | D276: =매출!D276 -> 10 | E276: =IF(AND(C276<>"",D276<>""),C276*D276,"") -> 10000 | F276: =매출!H276 -> 메르필 바디여드름 | G276: =매출!I276 -> 10 | H276: =매출!J276 -> 14490 | I276: =매출!L276 -> 144900 | J276: =IF(O276=1,SUMIFS($I:$I,$A:$A,$A276),"") -> 144900 | K276: =IF(O276=1,총정리!$B$19,"") -> 2750 | L276: =IF(O276=1,매출!Q276,"") -> 0 | M276: =IF(AND(K276<>"",L276<>""),K276*L276,"") -> 0 | N276: =IF(O276=1,E276+J276+M276,"") -> 154900 | O276: =매출!U276 -> 1
A277: =매출!A277 -> 260105매들리 | B277: =매출!B277 -> 매들리 | C277: 3000 | D277: =매출!D277 -> 30 | E277: =IF(AND(C277<>"",D277<>""),C277*D277,"") -> 90000 | F277: =매출!H277 -> 제품모름 | G277: =매출!I277 -> 30 | H277: =매출!J277 -> 5800 | I277: =매출!L277 -> 174000 | J277: =IF(O277=1,SUMIFS($I:$I,$A:$A,$A277),"") -> 174000 | K277: =IF(O277=1,총정리!$B$19,"") -> 2750 | L277: =IF(O277=1,매출!Q277,"") -> 0 | M277: =IF(AND(K277<>"",L277<>""),K277*L277,"") -> 0 | N277: =IF(O277=1,E277+J277+M277,"") -> 264000 | O277: =매출!U277 -> 1
A278: =매출!A278 -> 260108제이시글로벌 | B278: =매출!B278 -> 제이시글로벌 | C278: 1300 | D278: =매출!D278 -> 216 | E278: =IF(AND(C278<>"",D278<>""),C278*D278,"") -> 280800 | F278: =매출!H278 -> 제품모름금액다름 | G278: =매출!I278 -> 1 | H278: =매출!J278 -> 2117520 | I278: =매출!L278 -> 2117520 | J278: =IF(O278=1,SUMIFS($I:$I,$A:$A,$A278),"") -> 2117520 | K278: =IF(O278=1,총정리!$B$19,"") -> 2750 | L278: =IF(O278=1,매출!Q278,"") -> 0 | M278: =IF(AND(K278<>"",L278<>""),K278*L278,"") -> 0 | N278: =IF(O278=1,E278+J278+M278,"") -> 2398320 | O278: =매출!U278 -> 1
A279: =매출!A279 -> 260106비바넥사 | B279: =매출!B279 -> 비바넥사 | C279: 3000 | D279: =매출!D279 -> 40 | E279: =IF(AND(C279<>"",D279<>""),C279*D279,"") -> 120000 | F279: =매출!H279 -> 제품모름 | G279: =매출!I279 -> 40 | H279: =매출!J279 -> 29566 | I279: =매출!L279 -> 1182640 | J279: =IF(O279=1,SUMIFS($I:$I,$A:$A,$A279),"") -> 1182640 | K279: =IF(O279=1,총정리!$B$19,"") -> 2750 | L279: =IF(O279=1,매출!Q279,"") -> 0 | M279: =IF(AND(K279<>"",L279<>""),K279*L279,"") -> 0 | N279: =IF(O279=1,E279+J279+M279,"") -> 1302640 | O279: =매출!U279 -> 1
A280: =매출!A280 -> 260106원더라이프 | B280: =매출!B280 -> 원더라이프 | C280: 1600 | D280: =매출!D280 -> 20 | E280: =IF(AND(C280<>"",D280<>""),C280*D280,"") -> 32000 | F280: =매출!H280 -> 제품ㅁ모름 | G280: =매출!I280 -> 20 | H280: =매출!J280 -> 17900 | I280: =매출!L280 -> 358000 | J280: =IF(O280=1,SUMIFS($I:$I,$A:$A,$A280),"") -> 358000 | K280: =IF(O280=1,총정리!$B$19,"") -> 2750 | L280: =IF(O280=1,매출!Q280,"") -> 0 | M280: =IF(AND(K280<>"",L280<>""),K280*L280,"") -> 0 | N280: =IF(O280=1,E280+J280+M280,"") -> 390000 | O280: =매출!U280 -> 1
...

Sheet 총정리
A1: 전체 요약
A2: 총 매출액 공급가 | B2: =SUM(매출!F:F)+SUM(매출!L:L)+SUM(매출!S:S) -> 261086220
A3: 총 매출 입금액(+vat) | B3: =SUM(매출!G:G)+SUM(매출!M:M)+SUM(매출!T:T) -> 287194842
A4: 부가세(매출입금액*10%) | B4: =B2*0.1 -> 26108622
A5: 총 지출 액 | B5: =SUM(지출!N:N) -> #VALUE! | C5: (급여/세금 등 추가지출 포함)
A6: 순 마진(공급가-총지출) | B6: =B2-B5 -> #VALUE!
A7: 정산ID별 요약
A8: 정산ID | B8: 업체명 | C8: 매출 공급가 | D8: 매출 입금액(+vat) | E8: 총 지출 | F8: 순 마진
B9: {=IF($A9="","",INDEX(매출!B:B,MATCH($A9,매출!A:A,0)))} | C9: =IF($A9="","",SUMIFS(매출!F:F,매출!A:A,$A9)+SUMIFS(매출!S:S,매출!A:A,$A9)+SUMIFS(매출!L:L,매출!A:A,$A9)) | D9: =IF($A9="","",SUMIFS(매출!G:G,매출!A:A,$A9)+SUMIFS(매출!T:T,매출!A:A,$A9)+SUMIFS(매출!M:M,매출!A:A,$A9)) | E9: =IF($A9="","",SUMIFS(지출!N:N,지출!A:A,$A9)) | F9: =IF($A9="","",C9-E9)
B10: {=IF($A10="","",INDEX(매출!B:B,MATCH($A10,매출!A:A,0)))} | C10: =IF($A10="","",SUMIFS(매출!F:F,매출!A:A,$A10)+SUMIFS(매출!S:S,매출!A:A,$A10)+SUMIFS(매출!L:L,매출!A:A,$A10)) | D10: =IF($A10="","",SUMIFS(매출!G:G,매출!A:A,$A10)+SUMIFS(매출!T:T,매출!A:A,$A10)+SUMIFS(매출!M:M,매출!A:A,$A10)) | E10: =IF($A10="","",SUMIFS(지출!N:N,지출!A:A,$A10)) | F10: =IF($A10="","",C10-E10)
B11: {=IF($A11="","",INDEX(매출!B:B,MATCH($A11,매출!A:A,0)))} | C11: =IF($A11="","",SUMIFS(매출!F:F,매출!A:A,$A11)+SUMIFS(매출!S:S,매출!A:A,$A11)+SUMIFS(매출!L:L,매출!A:A,$A11)) | D11: =IF($A11="","",SUMIFS(매출!G:G,매출!A:A,$A11)+SUMIFS(매출!T:T,매출!A:A,$A11)+SUMIFS(매출!M:M,매출!A:A,$A11)) | E11: =IF($A11="","",SUMIFS(지출!N:N,지출!A:A,$A11)) | F11: =IF($A11="","",C11-E11)
A12: 메모 | B12: {=IF($A12="","",INDEX(매출!B:B,MATCH($A12,매출!A:A,0)))} -> #N/A | C12: =IF($A12="","",SUMIFS(매출!F:F,매출!A:A,$A12)+SUMIFS(매출!S:S,매출!A:A,$A12)+SUMIFS(매출!L:L,매출!A:A,$A12)) -> 0 | D12: =IF($A12="","",SUMIFS(매출!G:G,매출!A:A,$A12)+SUMIFS(매출!T:T,매출!A:A,$A12)+SUMIFS(매출!M:M,매출!A:A,$A12)) -> 0 | E12: =IF($A12="","",SUMIFS(지출!N:N,지출!A:A,$A12)) -> 0 | F12: =IF($A12="","",C12-E12) -> 0
A13: • 매출 탭: 같은 정산 건은 '정산ID'를 동일하게 입력하세요. 진행비/택배대행은 보통 첫 행(해당 정산ID의 첫 줄)에만 입력하면 중복 합산이 없습니다. | B13: {=IF($A13="","",INDEX(매출!B:B,MATCH($A13,매출!A:A,0)))} -> #N/A | C13: =IF($A13="","",SUMIFS(매출!F:F,매출!A:A,$A13)+SUMIFS(매출!S:S,매출!A:A,$A13)+SUMIFS(매출!L:L,매출!A:A,$A13)) -> 0 | D13: =IF($A13="","",SUMIFS(매출!G:G,매출!A:A,$A13)+SUMIFS(매출!T:T,매출!A:A,$A13)+SUMIFS(매출!M:M,매출!A:A,$A13)) -> 0 | E13: =IF($A13="","",SUMIFS(지출!N:N,지출!A:A,$A13)) -> 0 | F13: =IF($A13="","",C13-E13) -> 0
A14: • 지출 탭: 진행비(실비)만 직접 입력하면 나머지는 매출에서 자동으로 따라옵니다. (택배대행 실비+vat은 2,750원 고정) | B14: {=IF($A14="","",INDEX(매출!B:B,MATCH($A14,매출!A:A,0)))} -> #N/A | C14: =IF($A14="","",SUMIFS(매출!F:F,매출!A:A,$A14)+SUMIFS(매출!S:S,매출!A:A,$A14)+SUMIFS(매출!L:L,매출!A:A,$A14)) -> 0 | D14: =IF($A14="","",SUMIFS(매출!G:G,매출!A:A,$A14)+SUMIFS(매출!T:T,매출!A:A,$A14)+SUMIFS(매출!M:M,매출!A:A,$A14)) -> 0 | E14: =IF($A14="","",SUMIFS(지출!N:N,지출!A:A,$A14)) -> 0 | F14: =IF($A14="","",C14-E14) -> 0
A15: • 총정리 탭: 전체/정산ID별 매출·지출·마진이 자동 집계됩니다. | B15: {=IF($A15="","",INDEX(매출!B:B,MATCH($A15,매출!A:A,0)))} -> #N/A | C15: =IF($A15="","",SUMIFS(매출!F:F,매출!A:A,$A15)+SUMIFS(매출!S:S,매출!A:A,$A15)+SUMIFS(매출!L:L,매출!A:A,$A15)) -> 0 | D15: =IF($A15="","",SUMIFS(매출!G:G,매출!A:A,$A15)+SUMIFS(매출!T:T,매출!A:A,$A15)+SUMIFS(매출!M:M,매출!A:A,$A15)) -> 0 | E15: =IF($A15="","",SUMIFS(지출!N:N,지출!A:A,$A15)) -> 0 | F15: =IF($A15="","",C15-E15) -> 0
B16: {=IF($A16="","",INDEX(매출!B:B,MATCH($A16,매출!A:A,0)))} | C16: =IF($A16="","",SUMIFS(매출!F:F,매출!A:A,$A16)+SUMIFS(매출!S:S,매출!A:A,$A16)+SUMIFS(매출!L:L,매출!A:A,$A16)) | D16: =IF($A16="","",SUMIFS(매출!G:G,매출!A:A,$A16)+SUMIFS(매출!T:T,매출!A:A,$A16)+SUMIFS(매출!M:M,매출!A:A,$A16)) | E16: =IF($A16="","",SUMIFS(지출!N:N,지출!A:A,$A16)) | F16: =IF($A16="","",C16-E16)
B17: {=IF($A17="","",INDEX(매출!B:B,MATCH($A17,매출!A:A,0)))} | C17: =IF($A17="","",SUMIFS(매출!F:F,매출!A:A,$A17)+SUMIFS(매출!S:S,매출!A:A,$A17)+SUMIFS(매출!L:L,매출!A:A,$A17)) | D17: =IF($A17="","",SUMIFS(매출!G:G,매출!A:A,$A17)+SUMIFS(매출!T:T,매출!A:A,$A17)+SUMIFS(매출!M:M,매출!A:A,$A17)) | E17: =IF($A17="","",SUMIFS(지출!N:N,지출!A:A,$A17)) | F17: =IF($A17="","",C17-E17)
A18: 설정값 | B18: {=IF($A18="","",INDEX(매출!B:B,MATCH($A18,매출!A:A,0)))} -> #N/A | C18: =IF($A18="","",SUMIFS(매출!F:F,매출!A:A,$A18)+SUMIFS(매출!S:S,매출!A:A,$A18)+SUMIFS(매출!L:L,매출!A:A,$A18)) -> 0 | D18: =IF($A18="","",SUMIFS(매출!G:G,매출!A:A,$A18)+SUMIFS(매출!T:T,매출!A:A,$A18)+SUMIFS(매출!M:M,매출!A:A,$A18)) -> 0 | E18: =IF($A18="","",SUMIFS(지출!N:N,지출!A:A,$A18)) -> 0 | F18: =IF($A18="","",C18-E18) -> 0
A19: 택배대행(실비)+vat 단가 | B19: 2750 | C19: =IF($A19="","",SUMIFS(매출!F:F,매출!A:A,$A19)+SUMIFS(매출!S:S,매출!A:A,$A19)+SUMIFS(매출!L:L,매출!A:A,$A19)) -> 0 | D19: =IF($A19="","",SUMIFS(매출!G:G,매출!A:A,$A19)+SUMIFS(매출!T:T,매출!A:A,$A19)+SUMIFS(매출!M:M,매출!A:A,$A19)) -> 0 | E19: =IF($A19="","",SUMIFS(지출!N:N,지출!A:A,$A19)) -> 0 | F19: =IF($A19="","",C19-E19) -> 0
B20: {=IF($A20="","",INDEX(매출!B:B,MATCH($A20,매출!A:A,0)))} | C20: =IF($A20="","",SUMIFS(매출!F:F,매출!A:A,$A20)+SUMIFS(매출!S:S,매출!A:A,$A20)+SUMIFS(매출!L:L,매출!A:A,$A20)) | D20: =IF($A20="","",SUMIFS(매출!G:G,매출!A:A,$A20)+SUMIFS(매출!T:T,매출!A:A,$A20)+SUMIFS(매출!M:M,매출!A:A,$A20)) | E20: =IF($A20="","",SUMIFS(지출!N:N,지출!A:A,$A20)) | F20: =IF($A20="","",C20-E20)
B21: {=IF($A21="","",INDEX(매출!B:B,MATCH($A21,매출!A:A,0)))} | C21: =IF($A21="","",SUMIFS(매출!F:F,매출!A:A,$A21)+SUMIFS(매출!S:S,매출!A:A,$A21)+SUMIFS(매출!L:L,매출!A:A,$A21)) | D21: =IF($A21="","",SUMIFS(매출!G:G,매출!A:A,$A21)+SUMIFS(매출!T:T,매출!A:A,$A21)+SUMIFS(매출!M:M,매출!A:A,$A21)) | E21: =IF($A21="","",SUMIFS(지출!N:N,지출!A:A,$A21)) | F21: =IF($A21="","",C21-E21)
B22: {=IF($A22="","",INDEX(매출!B:B,MATCH($A22,매출!A:A,0)))} | C22: =IF($A22="","",SUMIFS(매출!F:F,매출!A:A,$A22)+SUMIFS(매출!S:S,매출!A:A,$A22)+SUMIFS(매출!L:L,매출!A:A,$A22)) | D22: =IF($A22="","",SUMIFS(매출!G:G,매출!A:A,$A22)+SUMIFS(매출!T:T,매출!A:A,$A22)+SUMIFS(매출!M:M,매출!A:A,$A22)) | E22: =IF($A22="","",SUMIFS(지출!N:N,지출!A:A,$A22)) | F22: =IF($A22="","",C22-E22)
B23: {=IF($A23="","",INDEX(매출!B:B,MATCH($A23,매출!A:A,0)))} | C23: =IF($A23="","",SUMIFS(매출!F:F,매출!A:A,$A23)+SUMIFS(매출!S:S,매출!A:A,$A23)+SUMIFS(매출!L:L,매출!A:A,$A23)) | D23: =IF($A23="","",SUMIFS(매출!G:G,매출!A:A,$A23)+SUMIFS(매출!T:T,매출!A:A,$A23)+SUMIFS(매출!M:M,매출!A:A,$A23)) | E23: =IF($A23="","",SUMIFS(지출!N:N,지출!A:A,$A23)) | F23: =IF($A23="","",C23-E23)
B24: {=IF($A24="","",INDEX(매출!B:B,MATCH($A24,매출!A:A,0)))} | C24: =IF($A24="","",SUMIFS(매출!F:F,매출!A:A,$A24)+SUMIFS(매출!S:S,매출!A:A,$A24)+SUMIFS(매출!L:L,매출!A:A,$A24)) | D24: =IF($A24="","",SUMIFS(매출!G:G,매출!A:A,$A24)+SUMIFS(매출!T:T,매출!A:A,$A24)+SUMIFS(매출!M:M,매출!A:A,$A24)) | E24: =IF($A24="","",SUMIFS(지출!N:N,지출!A:A,$A24)) | F24: =IF($A24="","",C24-E24)
B25: {=IF($A25="","",INDEX(매출!B:B,MATCH($A25,매출!A:A,0)))} | C25: =IF($A25="","",SUMIFS(매출!F:F,매출!A:A,$A25)+SUMIFS(매출!S:S,매출!A:A,$A25)+SUMIFS(매출!L:L,매출!A:A,$A25)) | D25: =IF($A25="","",SUMIFS(매출!G:G,매출!A:A,$A25)+SUMIFS(매출!T:T,매출!A:A,$A25)+SUMIFS(매출!M:M,매출!A:A,$A25)) | E25: =IF($A25="","",SUMIFS(지출!N:N,지출!A:A,$A25)) | F25: =IF($A25="","",C25-E25)
B26: {=IF($A26="","",INDEX(매출!B:B,MATCH($A26,매출!A:A,0)))} | C26: =IF($A26="","",SUMIFS(매출!F:F,매출!A:A,$A26)+SUMIFS(매출!S:S,매출!A:A,$A26)+SUMIFS(매출!L:L,매출!A:A,$A26)) | D26: =IF($A26="","",SUMIFS(매출!G:G,매출!A:A,$A26)+SUMIFS(매출!T:T,매출!A:A,$A26)+SUMIFS(매출!M:M,매출!A:A,$A26)) | E26: =IF($A26="","",SUMIFS(지출!N:N,지출!A:A,$A26)) | F26: =IF($A26="","",C26-E26)
B27: {=IF($A27="","",INDEX(매출!B:B,MATCH($A27,매출!A:A,0)))} | C27: =IF($A27="","",SUMIFS(매출!F:F,매출!A:A,$A27)+SUMIFS(매출!S:S,매출!A:A,$A27)+SUMIFS(매출!L:L,매출!A:A,$A27)) | D27: =IF($A27="","",SUMIFS(매출!G:G,매출!A:A,$A27)+SUMIFS(매출!T:T,매출!A:A,$A27)+SUMIFS(매출!M:M,매출!A:A,$A27)) | E27: =IF($A27="","",SUMIFS(지출!N:N,지출!A:A,$A27)) | F27: =IF($A27="","",C27-E27)
B28: {=IF($A28="","",INDEX(매출!B:B,MATCH($A28,매출!A:A,0)))} | C28: =IF($A28="","",SUMIFS(매출!F:F,매출!A:A,$A28)+SUMIFS(매출!S:S,매출!A:A,$A28)+SUMIFS(매출!L:L,매출!A:A,$A28)) | D28: =IF($A28="","",SUMIFS(매출!G:G,매출!A:A,$A28)+SUMIFS(매출!T:T,매출!A:A,$A28)+SUMIFS(매출!M:M,매출!A:A,$A28)) | E28: =IF($A28="","",SUMIFS(지출!N:N,지출!A:A,$A28)) | F28: =IF($A28="","",C28-E28)
B29: {=IF($A29="","",INDEX(매출!B:B,MATCH($A29,매출!A:A,0)))} | C29: =IF($A29="","",SUMIFS(매출!F:F,매출!A:A,$A29)+SUMIFS(매출!S:S,매출!A:A,$A29)+SUMIFS(매출!L:L,매출!A:A,$A29)) | D29: =IF($A29="","",SUMIFS(매출!G:G,매출!A:A,$A29)+SUMIFS(매출!T:T,매출!A:A,$A29)+SUMIFS(매출!M:M,매출!A:A,$A29)) | E29: =IF($A29="","",SUMIFS(지출!N:N,지출!A:A,$A29)) | F29: =IF($A29="","",C29-E29)
B30: {=IF($A30="","",INDEX(매출!B:B,MATCH($A30,매출!A:A,0)))} | C30: =IF($A30="","",SUMIFS(매출!F:F,매출!A:A,$A30)+SUMIFS(매출!S:S,매출!A:A,$A30)+SUMIFS(매출!L:L,매출!A:A,$A30)) | D30: =IF($A30="","",SUMIFS(매출!G:G,매출!A:A,$A30)+SUMIFS(매출!T:T,매출!A:A,$A30)+SUMIFS(매출!M:M,매출!A:A,$A30)) | E30: =IF($A30="","",SUMIFS(지출!N:N,지출!A:A,$A30)) | F30: =IF($A30="","",C30-E30)
B31: {=IF($A31="","",INDEX(매출!B:B,MATCH($A31,매출!A:A,0)))} | C31: =IF($A31="","",SUMIFS(매출!F:F,매출!A:A,$A31)+SUMIFS(매출!S:S,매출!A:A,$A31)+SUMIFS(매출!L:L,매출!A:A,$A31)) | D31: =IF($A31="","",SUMIFS(매출!G:G,매출!A:A,$A31)+SUMIFS(매출!T:T,매출!A:A,$A31)+SUMIFS(매출!M:M,매출!A:A,$A31)) | E31: =IF($A31="","",SUMIFS(지출!N:N,지출!A:A,$A31)) | F31: =IF($A31="","",C31-E31)
... B208: {=IF($A208="","",INDEX(매출!B:B,MATCH($A208,매출!A:A,0)))} | C208: =IF($A208="","",SUMIFS(매출!F:F,매출!A:A,$A208)+SUMIFS(매출!S:S,매출!A:A,$A208)+SUMIFS(매출!L:L,매출!A:A,$A208)) | D208: =IF($A208="","",SUMIFS(매출!G:G,매출!A:A,$A208)+SUMIFS(매출!T:T,매출!A:A,$A208)+SUMIFS(매출!M:M,매출!A:A,$A208)) | E208: =IF($A208="","",SUMIFS(지출!N:N,지출!A:A,$A208)) | F208: =IF($A208="","",C208-E208)

Sheet 일자별 계산서 발행
A1: 일자별 계산서 발행 '라인업솔루션'에서 '강우메이커스'로 발행해야 하는 금액을 표기
A2: 날짜 | B2: 발행 요청 날짜 | C2: 발행 금액 | D2: 발행 확인 표기 | E2: 추가 및 수정 부분 표기
A3: 46028 | B3: 46024 | C3: 21286650 | D3: 완
A4: 46028 | B4: 46027 | C4: 3140280 | D4: 완
A5: 46028 | B5: 46028 | C5: 82013525 | D5: 완 | E5: 81670083
A6: 46029 | B6: 46029 | C6: 2136750 | D6: 완
A7: 46030 | B7: 46030 | C7: 55396754 | D7: 완 | E7: -1100000 /14일자에 반영 | F7: 57265544
A8: 46031 | B8: 46031 | C8: 7320830 | D8: 완
A9: 46034 | B9: 46034 | C9: 63231975 | D9: 완
A10: 46035 | B10: 46035 | C10: 8490152 | D10: 완
A11: 46036 | B11: 46036 | C11: 8998550 | D11: 완
A12: 46037 | B12: 46037 | C12: 15531010 | D12: 완
A13: 46038 | B13: 46038 | C13: 95679625 | D13: 완
A14: 46041 | B14: 46041 | C14: 4390650 | D14: 완
A15: 46042 | B15: 46042 | C15: 882750 | D15: 완
A16: 46043 | B16: 46043 | C16: 2128610 | D16: 완
A17: 46044 | B17: 46044 | C17: 167073940 | D17: 완
A18: 46045 | B18: 46045 | C18: 75369311 | D18: 완
C19: 14861055 | E19: 215921(23일 추가발행 금액)
A20: 46049 | B20: 46049 | C20: 3011749 | D20: 완
A21: 46050 | B21: 46050 | C21: 30947290 | D21: 완
A22: 46051 | B22: 46051 | C22: 61179604 | D22: 완
A23: 46052 | B23: 46052 | C23: 30462348 | D23: 완 | E23: 추가발행필요 9,733,042
A24: 46055 | B24: 46055 | C24: 6763790 | D24: 완
A25: 46056 | B25: 46056 | C25: 53535735 | D25: 완
A26: 46057 | B26: 46057 | C26: 475300 | D26: 완
A27: 46058 | B27: 46058 | C27: 86731282 | D27: 완
A28: 46059 | B28: 46059 | C28: 22548251 | D28: 완
A29: 46062 | B29: 46062 | C29: 19467691 | D29: 완
